txn_id,utr_ref,date,time,from_account_no,from_account_name,from_bank,to_account_no,to_account_name,to_bank,amount,mode
TXN00274,UTR879684193858,2024-01-01,18:37:26,64733283579,Nikhil Sharma,Punjab National Bank,10884387334,Yash Chopra,Bank of Baroda,1200,Cash Withdrawal
TXN01263,UTR809412982575,2024-01-01,18:42:28,64162634588,Rajesh Sinha,SBI,68040380973,Sunil Malik,ICICI Bank,4000,UPI
TXN00429,UTR224663262511,2024-01-01,21:13:01,88481678051,Munna Tyagi,Punjab National Bank,68815550998,Poonam Chawla,Punjab National Bank,2500,Cash Withdrawal
TXN00893,UTR589365542619,2024-01-01,23:05:49,EXT113160374,Employer Pvt Ltd - Salary A/c,HDFC Bank,79909315319,Pranay Dutta Roy,Axis Bank,35000,NEFT
TXN00065,UTR796315464404,2024-01-02,09:37:23,18633362450,Ajay Yadav,HDFC Bank,EXT082072761,Merchant/UPI Handle - Utility Payment,Payment Gateway,500,IMPS
TXN00974,UTR114290653537,2024-01-02,09:50:07,EXT113160374,Employer Pvt Ltd - Salary A/c,HDFC Bank,23680352646,Simran Kaur,Kotak Mahindra Bank,22000,NEFT
TXN00307,UTR515819992384,2024-01-02,19:25:19,08198427361,Amit Verma,SBI,EXT082072761,Merchant/UPI Handle - Utility Payment,Payment Gateway,500,NEFT
TXN00678,UTR368254574666,2024-01-03,13:28:32,18056893044,Ramesh Chandra Pandey,Punjab National Bank,41992454521,Anita Rani,Axis Bank,500,Cash Deposit
TXN01336,UTR773363230453,2024-01-03,15:26:59,35059071685,Sunita Rawat,HDFC Bank,82760561101,Guddi Bai,SBI,4000,RTGS
TXN00669,UTR746351749919,2024-01-03,16:43:24,18056893044,Ramesh Chandra Pandey,Punjab National Bank,EXT082072761,Merchant/UPI Handle - Utility Payment,Payment Gateway,7500,NEFT
TXN00397,UTR396538133713,2024-01-04,08:16:49,05606834229,Lakhan Singh Bhatti,SBI,EXT082072761,Merchant/UPI Handle - Utility Payment,Payment Gateway,500,Cash Withdrawal
TXN01041,UTR299954001665,2024-01-04,08:36:59,86831863542,Neha Agarwal,Axis Bank,EXT082072761,Merchant/UPI Handle - Utility Payment,Payment Gateway,500,Cash Deposit
TXN00160,UTR488658933630,2024-01-04,09:37:49,54219677717,Deepak Chaudhary,ICICI Bank,EXT082072761,Merchant/UPI Handle - Utility Payment,Payment Gateway,500,NEFT
TXN00220,UTR625971950548,2024-01-04,10:11:18,EXT113160374,Employer Pvt Ltd - Salary A/c,HDFC Bank,65580053757,Kavita Devi,Bank of Baroda,35000,NEFT
TXN00550,UTR226355499731,2024-01-04,17:13:25,EXT113160374,Employer Pvt Ltd - Salary A/c,HDFC Bank,44396022575,Chandu Meena,Axis Bank,45000,NEFT
TXN01036,UTR163043909760,2024-01-04,19:21:12,EXT113160374,Employer Pvt Ltd - Salary A/c,HDFC Bank,86831863542,Neha Agarwal,Axis Bank,45000,NEFT
TXN01017,UTR710658305811,2024-01-05,06:29:37,EXT113160374,Employer Pvt Ltd - Salary A/c,HDFC Bank,64281559570,Rohan Kapoor,HDFC Bank,18000,NEFT
TXN00964,UTR601678148392,2024-01-05,15:38:50,23680352646,Simran Kaur,Kotak Mahindra Bank,41492355953,Arjun Mehta,ICICI Bank,2500,Cash Withdrawal
TXN01399,UTR587463693740,2024-01-05,17:43:55,32437664397,Manoj Tiwari,Kotak Mahindra Bank,EXT082072761,Merchant/UPI Handle - Utility Payment,Payment Gateway,1200,Cash Withdrawal
TXN00733,UTR794313829266,2024-01-06,08:03:18,78264257436,Naveen Kumar Sharma,SBI,65580053757,Kavita Devi,Bank of Baroda,500,RTGS
TXN00186,UTR940688473981,2024-01-06,16:53:58,43686792403,Salman Qureshi,SBI,EXT082072761,Merchant/UPI Handle - Utility Payment,Payment Gateway,500,RTGS
TXN00356,UTR830104948248,2024-01-06,17:59:54,80450816830,Chhotu Ansari,SBI,EXT082072761,Merchant/UPI Handle - Utility Payment,Payment Gateway,1200,RTGS
TXN00219,UTR388610197772,2024-01-06,20:29:47,65580053757,Kavita Devi,Bank of Baroda,EXT082072761,Merchant/UPI Handle - Utility Payment,Payment Gateway,2500,Cash Deposit
TXN01310,UTR895288099043,2024-01-06,23:12:11,EXT113160374,Employer Pvt Ltd - Salary A/c,HDFC Bank,76092570588,Deepak Yadav,SBI,60000,NEFT
TXN00821,UTR586847181993,2024-01-06,23:26:47,36247945967,Rekha Devi,Bank of Baroda,08198427361,Amit Verma,SBI,7500,Cash Deposit
TXN00689,UTR969375803975,2024-01-07,17:28:44,EXT113160374,Employer Pvt Ltd - Salary A/c,HDFC Bank,41992454521,Anita Rani,Axis Bank,18000,NEFT
TXN01428,UTR665954390334,2024-01-08,06:45:01,54219677717,Deepak Chaudhary,ICICI Bank,65580053757,Kavita Devi,Bank of Baroda,60000,Cash Deposit
TXN00843,UTR127412619875,2024-01-08,09:47:08,EXT113160374,Employer Pvt Ltd - Salary A/c,HDFC Bank,94695183670,Vivek Malhotra,Axis Bank,22000,NEFT
TXN00225,UTR204289256679,2024-01-08,10:48:22,65580053757,Kavita Devi,Bank of Baroda,49471531912,Mahesh Chand Gupta,ICICI Bank,2500,Cash Withdrawal
TXN00611,UTR966509917547,2024-01-08,19:15:21,68826141830,Suresh Kumar Jain,Axis Bank,EXT082072761,Merchant/UPI Handle - Utility Payment,Payment Gateway,500,Cash Deposit
TXN01341,UTR999722350003,2024-01-08,22:22:00,EXT113160374,Employer Pvt Ltd - Salary A/c,HDFC Bank,35059071685,Sunita Rawat,HDFC Bank,18000,NEFT
TXN01250,UTR796320324801,2024-01-09,06:13:04,64162634588,Rajesh Sinha,SBI,18633362450,Ajay Yadav,HDFC Bank,7500,RTGS
TXN00883,UTR808325313185,2024-01-09,11:41:28,79909315319,Pranay Dutta Roy,Axis Bank,EXT082072761,Merchant/UPI Handle - Utility Payment,Payment Gateway,4000,Cash Deposit
TXN01011,UTR451090180096,2024-01-09,13:03:37,64281559570,Rohan Kapoor,HDFC Bank,09094330418,Karan Malhotra,HDFC Bank,7500,Cash Deposit
TXN01078,UTR431401741107,2024-01-09,15:08:52,EXT113160374,Employer Pvt Ltd - Salary A/c,HDFC Bank,99323421683,Tanvi Joshi,HDFC Bank,60000,NEFT
TXN00399,UTR909276216775,2024-01-09,17:20:17,05606834229,Lakhan Singh Bhatti,SBI,EXT082072761,Merchant/UPI Handle - Utility Payment,Payment Gateway,4000,RTGS
TXN01189,UTR337410663332,2024-01-09,19:11:30,10884387334,Yash Chopra,Bank of Baroda,EXT082072761,Merchant/UPI Handle - Utility Payment,Payment Gateway,4000,NEFT
TXN01431,UTR436739487427,2024-01-09,23:31:43,65580053757,Kavita Devi,Bank of Baroda,38708135078,Irfan Ali,Axis Bank,19041,UPI
TXN00458,UTR905346556761,2024-01-10,21:49:05,90413217740,Pappu Solanki,Kotak Mahindra Bank,EXT082072761,Merchant/UPI Handle - Utility Payment,Payment Gateway,1200,NEFT
TXN00815,UTR993409259963,2024-01-11,07:00:58,36247945967,Rekha Devi,Bank of Baroda,EXT082072761,Merchant/UPI Handle - Utility Payment,Payment Gateway,4000,UPI
TXN01389,UTR302059425151,2024-01-11,12:06:55,EXT113160374,Employer Pvt Ltd - Salary A/c,HDFC Bank,68815550998,Poonam Chawla,Punjab National Bank,60000,NEFT
TXN01294,UTR513609800231,2024-01-11,16:42:58,52365451928,Farhana Begum,Kotak Mahindra Bank,EXT082072761,Merchant/UPI Handle - Utility Payment,Payment Gateway,500,RTGS
TXN00443,UTR938764307260,2024-01-11,18:59:06,88481678051,Munna Tyagi,Punjab National Bank,EXT082072761,Merchant/UPI Handle - Utility Payment,Payment Gateway,1200,NEFT
TXN01043,UTR876541332755,2024-01-12,09:05:04,EXT113160374,Employer Pvt Ltd - Salary A/c,HDFC Bank,86831863542,Neha Agarwal,Axis Bank,60000,NEFT
TXN01098,UTR865503478129,2024-01-12,13:39:15,EXT113160374,Employer Pvt Ltd - Salary A/c,HDFC Bank,93902439957,Aditya Rathore,Axis Bank,35000,NEFT
TXN01035,UTR230426799191,2024-01-12,15:53:22,EXT113160374,Employer Pvt Ltd - Salary A/c,HDFC Bank,64281559570,Rohan Kapoor,HDFC Bank,60000,NEFT
TXN00635,UTR327971928995,2024-01-12,18:39:18,EXT113160374,Employer Pvt Ltd - Salary A/c,HDFC Bank,69705333835,Priya Singh,SBI,35000,NEFT
TXN00312,UTR442866385777,2024-01-12,22:02:46,08198427361,Amit Verma,SBI,EXT082072761,Merchant/UPI Handle - Utility Payment,Payment Gateway,4000,RTGS
TXN01432,UTR236249531936,2024-01-13,13:37:15,54219677717,Deepak Chaudhary,ICICI Bank,65580053757,Kavita Devi,Bank of Baroda,90000,Cash Deposit
TXN00490,UTR943420893391,2024-01-13,14:07:07,90413217740,Pappu Solanki,Kotak Mahindra Bank,79909315319,Pranay Dutta Roy,Axis Bank,2500,UPI
TXN01429,UTR878873946636,2024-01-13,17:09:25,65580053757,Kavita Devi,Bank of Baroda,93902439957,Aditya Rathore,Axis Bank,18549,UPI
TXN01430,UTR201172478399,2024-01-13,18:48:49,65580053757,Kavita Devi,Bank of Baroda,23680352646,Simran Kaur,Kotak Mahindra Bank,22410,UPI
TXN01435,UTR825398671233,2024-01-14,06:56:18,65580053757,Kavita Devi,Bank of Baroda,76092570588,Deepak Yadav,SBI,26616,UPI
TXN01433,UTR286655401094,2024-01-14,11:45:19,65580053757,Kavita Devi,Bank of Baroda,23680352646,Simran Kaur,Kotak Mahindra Bank,38860,UPI
TXN01095,UTR858133807038,2024-01-14,15:31:12,93902439957,Aditya Rathore,Axis Bank,EXT082072761,Merchant/UPI Handle - Utility Payment,Payment Gateway,500,Cash Deposit
TXN00740,UTR793158258172,2024-01-14,18:15:55,78264257436,Naveen Kumar Sharma,SBI,EXT082072761,Merchant/UPI Handle - Utility Payment,Payment Gateway,1200,NEFT
TXN01300,UTR167020725389,2024-01-15,11:52:46,76092570588,Deepak Yadav,SBI,42679916140,Imran Sheikh,HDFC Bank,1200,IMPS
TXN00304,UTR633938731467,2024-01-15,16:06:40,08198427361,Amit Verma,SBI,EXT082072761,Merchant/UPI Handle - Utility Payment,Payment Gateway,1200,IMPS
TXN01169,UTR518353195596,2024-01-15,18:53:57,75073462726,Meera Nair,ICICI Bank,64281559570,Rohan Kapoor,HDFC Bank,7500,UPI
TXN01324,UTR742993426965,2024-01-15,22:44:21,76092570588,Deepak Yadav,SBI,43686792403,Salman Qureshi,SBI,4000,RTGS
TXN00410,UTR845815101496,2024-01-16,06:52:52,EXT113160374,Employer Pvt Ltd - Salary A/c,HDFC Bank,05606834229,Lakhan Singh Bhatti,SBI,45000,NEFT
TXN00755,UTR715804194842,2024-01-16,14:09:13,44760461844,Farhan Ahmed,Punjab National Bank,EXT082072761,Merchant/UPI Handle - Utility Payment,Payment Gateway,1200,NEFT
TXN01216,UTR379429263354,2024-01-16,17:37:02,EXT113160374,Employer Pvt Ltd - Salary A/c,HDFC Bank,65117077513,Abid Khan,Kotak Mahindra Bank,60000,NEFT
TXN00439,UTR292273632287,2024-01-17,12:15:50,88481678051,Munna Tyagi,Punjab National Bank,64733283579,Nikhil Sharma,Punjab National Bank,2500,Cash Withdrawal
TXN00431,UTR825609538760,2024-01-17,15:45:59,88481678051,Munna Tyagi,Punjab National Bank,EXT082072761,Merchant/UPI Handle - Utility Payment,Payment Gateway,2500,RTGS
TXN01192,UTR628510759416,2024-01-17,17:25:42,10884387334,Yash Chopra,Bank of Baroda,65117077513,Abid Khan,Kotak Mahindra Bank,2500,UPI
TXN01198,UTR874645996196,2024-01-17,18:37:49,65117077513,Abid Khan,Kotak Mahindra Bank,68040380973,Sunil Malik,ICICI Bank,4000,UPI
TXN00406,UTR517511703965,2024-01-17,23:12:46,EXT113160374,Employer Pvt Ltd - Salary A/c,HDFC Bank,05606834229,Lakhan Singh Bhatti,SBI,45000,NEFT
TXN00072,UTR924322566973,2024-01-18,06:06:56,EXT113160374,Employer Pvt Ltd - Salary A/c,HDFC Bank,18633362450,Ajay Yadav,HDFC Bank,35000,NEFT
TXN01390,UTR350486653487,2024-01-18,06:22:37,68815550998,Poonam Chawla,Punjab National Bank,EXT082072761,Merchant/UPI Handle - Utility Payment,Payment Gateway,2500,Cash Deposit
TXN00303,UTR441223448307,2024-01-18,08:16:27,08198427361,Amit Verma,SBI,EXT082072761,Merchant/UPI Handle - Utility Payment,Payment Gateway,500,IMPS
TXN00174,UTR997787642754,2024-01-18,12:01:46,EXT113160374,Employer Pvt Ltd - Salary A/c,HDFC Bank,43686792403,Salman Qureshi,SBI,22000,NEFT
TXN01434,UTR697714296025,2024-01-18,23:51:32,65580053757,Kavita Devi,Bank of Baroda,41992454521,Anita Rani,Axis Bank,24524,UPI
TXN00176,UTR433503446341,2024-01-19,10:16:04,43686792403,Salman Qureshi,SBI,42679916140,Imran Sheikh,HDFC Bank,2500,Cash Deposit
TXN00493,UTR713929709926,2024-01-19,14:00:32,90413217740,Pappu Solanki,Kotak Mahindra Bank,EXT082072761,Merchant/UPI Handle - Utility Payment,Payment Gateway,2500,RTGS
TXN00715,UTR923685651708,2024-01-19,17:40:00,41992454521,Anita Rani,Axis Bank,36247945967,Rekha Devi,Bank of Baroda,1200,UPI
TXN00483,UTR960564188014,2024-01-19,18:36:19,EXT113160374,Employer Pvt Ltd - Salary A/c,HDFC Bank,90413217740,Pappu Solanki,Kotak Mahindra Bank,60000,NEFT
TXN00705,UTR298921195834,2024-01-19,19:18:50,41992454521,Anita Rani,Axis Bank,EXT082072761,Merchant/UPI Handle - Utility Payment,Payment Gateway,4000,Cash Deposit
TXN00730,UTR982806952088,2024-01-19,20:57:21,78264257436,Naveen Kumar Sharma,SBI,EXT082072761,Merchant/UPI Handle - Utility Payment,Payment Gateway,1200,UPI
TXN00130,UTR573762824990,2024-01-20,09:31:58,42679916140,Imran Sheikh,HDFC Bank,EXT082072761,Merchant/UPI Handle - Utility Payment,Payment Gateway,7500,RTGS
TXN00854,UTR835458780487,2024-01-20,11:23:29,94695183670,Vivek Malhotra,Axis Bank,EXT082072761,Merchant/UPI Handle - Utility Payment,Payment Gateway,500,Cash Deposit
TXN00762,UTR723177734710,2024-01-20,22:00:11,EXT113160374,Employer Pvt Ltd - Salary A/c,HDFC Bank,44760461844,Farhan Ahmed,Punjab National Bank,22000,NEFT
TXN01091,UTR575825741215,2024-01-21,07:27:33,93902439957,Aditya Rathore,Axis Bank,EXT082072761,Merchant/UPI Handle - Utility Payment,Payment Gateway,500,NEFT
TXN00248,UTR264993501099,2024-01-21,08:49:36,64733283579,Nikhil Sharma,Punjab National Bank,41492355953,Arjun Mehta,ICICI Bank,500,Cash Withdrawal
TXN01006,UTR458112620295,2024-01-21,10:46:14,EXT113160374,Employer Pvt Ltd - Salary A/c,HDFC Bank,64281559570,Rohan Kapoor,HDFC Bank,45000,NEFT
TXN00839,UTR192218248392,2024-01-21,21:55:57,94695183670,Vivek Malhotra,Axis Bank,68815550998,Poonam Chawla,Punjab National Bank,7500,Cash Deposit
TXN01337,UTR314552797802,2024-01-22,07:21:14,35059071685,Sunita Rawat,HDFC Bank,68815550998,Poonam Chawla,Punjab National Bank,1200,UPI
TXN00691,UTR557986075910,2024-01-22,07:23:57,41992454521,Anita Rani,Axis Bank,EXT082072761,Merchant/UPI Handle - Utility Payment,Payment Gateway,1200,IMPS
TXN00932,UTR987617715355,2024-01-22,10:46:21,41492355953,Arjun Mehta,ICICI Bank,EXT082072761,Merchant/UPI Handle - Utility Payment,Payment Gateway,4000,UPI
TXN00127,UTR471282996171,2024-01-22,13:33:17,42679916140,Imran Sheikh,HDFC Bank,EXT082072761,Merchant/UPI Handle - Utility Payment,Payment Gateway,4000,RTGS
TXN00452,UTR939779815346,2024-01-22,18:11:14,88481678051,Munna Tyagi,Punjab National Bank,44396022575,Chandu Meena,Axis Bank,1200,NEFT
TXN01029,UTR902886285814,2024-01-22,19:16:37,64281559570,Rohan Kapoor,HDFC Bank,EXT082072761,Merchant/UPI Handle - Utility Payment,Payment Gateway,1200,RTGS
TXN00447,UTR445372572947,2024-01-22,19:44:42,EXT113160374,Employer Pvt Ltd - Salary A/c,HDFC Bank,88481678051,Munna Tyagi,Punjab National Bank,35000,NEFT
TXN00336,UTR753103132873,2024-01-24,06:58:59,16568651026,Bhola Prasad,ICICI Bank,10884387334,Yash Chopra,Bank of Baroda,2500,RTGS
TXN00191,UTR341525918861,2024-01-24,09:57:12,43686792403,Salman Qureshi,SBI,EXT082072761,Merchant/UPI Handle - Utility Payment,Payment Gateway,4000,Cash Deposit
TXN01282,UTR670088703592,2024-01-24,11:58:18,52365451928,Farhana Begum,Kotak Mahindra Bank,79909315319,Pranay Dutta Roy,Axis Bank,1200,Cash Withdrawal
TXN00360,UTR679979098771,2024-01-24,16:56:08,80450816830,Chhotu Ansari,SBI,35059071685,Sunita Rawat,HDFC Bank,500,IMPS
TXN00868,UTR487283227296,2024-01-24,18:07:57,94695183670,Vivek Malhotra,Axis Bank,EXT082072761,Merchant/UPI Handle - Utility Payment,Payment Gateway,4000,RTGS
TXN00434,UTR647464857562,2024-01-24,19:42:11,88481678051,Munna Tyagi,Punjab National Bank,86831863542,Neha Agarwal,Axis Bank,1200,IMPS
TXN00578,UTR380616876142,2024-01-24,22:43:45,EXT113160374,Employer Pvt Ltd - Salary A/c,HDFC Bank,24798510995,Rustam Ali,Bank of Baroda,45000,NEFT
TXN00358,UTR817636246689,2024-01-24,22:50:28,80450816830,Chhotu Ansari,SBI,EXT082072761,Merchant/UPI Handle - Utility Payment,Payment Gateway,7500,RTGS
TXN00882,UTR959082714174,2024-01-25,08:36:22,EXT113160374,Employer Pvt Ltd - Salary A/c,HDFC Bank,79909315319,Pranay Dutta Roy,Axis Bank,45000,NEFT
TXN01053,UTR259048006801,2024-01-25,11:56:14,86831863542,Neha Agarwal,Axis Bank,EXT082072761,Merchant/UPI Handle - Utility Payment,Payment Gateway,7500,NEFT
TXN00271,UTR605237641216,2024-01-25,15:02:55,64733283579,Nikhil Sharma,Punjab National Bank,EXT082072761,Merchant/UPI Handle - Utility Payment,Payment Gateway,1200,Cash Withdrawal
TXN00933,UTR607194108784,2024-01-25,15:20:46,41492355953,Arjun Mehta,ICICI Bank,90413217740,Pappu Solanki,Kotak Mahindra Bank,4000,Cash Deposit
TXN00574,UTR386714602795,2024-01-25,16:01:01,24798510995,Rustam Ali,Bank of Baroda,68040380973,Sunil Malik,ICICI Bank,2500,Cash Withdrawal
TXN00025,UTR678373053581,2024-01-25,20:11:57,68040380973,Sunil Malik,ICICI Bank,EXT082072761,Merchant/UPI Handle - Utility Payment,Payment Gateway,500,IMPS
TXN00640,UTR616767903231,2024-01-26,15:30:17,EXT113160374,Employer Pvt Ltd - Salary A/c,HDFC Bank,69705333835,Priya Singh,SBI,45000,NEFT
TXN01191,UTR894170805476,2024-01-27,08:01:49,EXT113160374,Employer Pvt Ltd - Salary A/c,HDFC Bank,10884387334,Yash Chopra,Bank of Baroda,45000,NEFT
TXN00559,UTR510500883733,2024-01-27,17:20:52,24798510995,Rustam Ali,Bank of Baroda,EXT082072761,Merchant/UPI Handle - Utility Payment,Payment Gateway,1200,RTGS
TXN00557,UTR650956570112,2024-01-27,17:49:37,44396022575,Chandu Meena,Axis Bank,EXT082072761,Merchant/UPI Handle - Utility Payment,Payment Gateway,7500,Cash Withdrawal
TXN01021,UTR516164725821,2024-01-27,19:51:38,64281559570,Rohan Kapoor,HDFC Bank,EXT082072761,Merchant/UPI Handle - Utility Payment,Payment Gateway,7500,IMPS
TXN00556,UTR989385135522,2024-01-28,08:56:07,44396022575,Chandu Meena,Axis Bank,EXT082072761,Merchant/UPI Handle - Utility Payment,Payment Gateway,1200,Cash Withdrawal
TXN00765,UTR482172499771,2024-01-28,10:24:38,EXT113160374,Employer Pvt Ltd - Salary A/c,HDFC Bank,44760461844,Farhan Ahmed,Punjab National Bank,60000,NEFT
TXN01293,UTR149640558495,2024-01-28,12:26:04,52365451928,Farhana Begum,Kotak Mahindra Bank,90413217740,Pappu Solanki,Kotak Mahindra Bank,2500,UPI
TXN00703,UTR329045039763,2024-01-28,22:42:46,41992454521,Anita Rani,Axis Bank,EXT082072761,Merchant/UPI Handle - Utility Payment,Payment Gateway,1200,NEFT
TXN01379,UTR108065164658,2024-01-29,07:06:54,68815550998,Poonam Chawla,Punjab National Bank,EXT082072761,Merchant/UPI Handle - Utility Payment,Payment Gateway,4000,UPI
TXN01270,UTR191851582908,2024-01-29,09:34:43,EXT113160374,Employer Pvt Ltd - Salary A/c,HDFC Bank,52365451928,Farhana Begum,Kotak Mahindra Bank,60000,NEFT
TXN01285,UTR831582750010,2024-01-29,15:14:56,EXT113160374,Employer Pvt Ltd - Salary A/c,HDFC Bank,52365451928,Farhana Begum,Kotak Mahindra Bank,22000,NEFT
TXN00445,UTR991636738563,2024-01-29,17:08:39,88481678051,Munna Tyagi,Punjab National Bank,64162634588,Rajesh Sinha,SBI,4000,Cash Deposit
TXN00709,UTR479021685984,2024-01-29,19:50:05,41992454521,Anita Rani,Axis Bank,EXT082072761,Merchant/UPI Handle - Utility Payment,Payment Gateway,500,IMPS
TXN00662,UTR352603322852,2024-01-29,20:33:49,EXT113160374,Employer Pvt Ltd - Salary A/c,HDFC Bank,69705333835,Priya Singh,SBI,22000,NEFT
TXN01231,UTR851310981306,2024-01-30,07:28:57,65117077513,Abid Khan,Kotak Mahindra Bank,EXT082072761,Merchant/UPI Handle - Utility Payment,Payment Gateway,7500,Cash Withdrawal
TXN01171,UTR837986048776,2024-01-30,14:54:18,EXT113160374,Employer Pvt Ltd - Salary A/c,HDFC Bank,75073462726,Meera Nair,ICICI Bank,22000,NEFT
TXN00328,UTR919541034267,2024-01-30,22:42:51,16568651026,Bhola Prasad,ICICI Bank,EXT082072761,Merchant/UPI Handle - Utility Payment,Payment Gateway,7500,Cash Deposit
TXN01118,UTR195147107616,2024-01-31,10:48:11,71327117523,Ishita Bose,SBI,76092570588,Deepak Yadav,SBI,4000,IMPS
TXN00583,UTR637554339129,2024-01-31,11:30:30,EXT113160374,Employer Pvt Ltd - Salary A/c,HDFC Bank,24798510995,Rustam Ali,Bank of Baroda,22000,NEFT
TXN00432,UTR821051312265,2024-01-31,12:44:55,88481678051,Munna Tyagi,Punjab National Bank,EXT082072761,Merchant/UPI Handle - Utility Payment,Payment Gateway,7500,RTGS
TXN01136,UTR158282255950,2024-01-31,23:52:25,EXT113160374,Employer Pvt Ltd - Salary A/c,HDFC Bank,71327117523,Ishita Bose,SBI,18000,NEFT
TXN01301,UTR719278068865,2024-02-01,06:11:59,76092570588,Deepak Yadav,SBI,EXT082072761,Merchant/UPI Handle - Utility Payment,Payment Gateway,500,IMPS
TXN01272,UTR312308804751,2024-02-01,14:38:27,52365451928,Farhana Begum,Kotak Mahindra Bank,55933722348,Vikas Tomar,ICICI Bank,4000,IMPS
TXN00772,UTR308407804736,2024-02-01,19:35:00,44760461844,Farhan Ahmed,Punjab National Bank,EXT082072761,Merchant/UPI Handle - Utility Payment,Payment Gateway,1200,IMPS
TXN00300,UTR121988575538,2024-02-02,14:32:43,08198427361,Amit Verma,SBI,EXT082072761,Merchant/UPI Handle - Utility Payment,Payment Gateway,4000,RTGS
TXN00712,UTR575163473348,2024-02-02,16:51:15,EXT113160374,Employer Pvt Ltd - Salary A/c,HDFC Bank,41992454521,Anita Rani,Axis Bank,35000,NEFT
TXN01276,UTR545039395955,2024-02-02,22:26:27,52365451928,Farhana Begum,Kotak Mahindra Bank,64733283579,Nikhil Sharma,Punjab National Bank,500,Cash Deposit
TXN01129,UTR408321199313,2024-02-03,12:47:39,71327117523,Ishita Bose,SBI,EXT082072761,Merchant/UPI Handle - Utility Payment,Payment Gateway,500,Cash Withdrawal
TXN01266,UTR246498076889,2024-02-03,19:46:26,64162634588,Rajesh Sinha,SBI,05606834229,Lakhan Singh Bhatti,SBI,7500,Cash Withdrawal
TXN00748,UTR742014221644,2024-02-03,22:40:42,78264257436,Naveen Kumar Sharma,SBI,EXT082072761,Merchant/UPI Handle - Utility Payment,Payment Gateway,4000,Cash Deposit
TXN01151,UTR522607497225,2024-02-03,23:13:21,09094330418,Karan Malhotra,HDFC Bank,64162634588,Rajesh Sinha,SBI,4000,NEFT
TXN01045,UTR480440260832,2024-02-03,23:17:53,86831863542,Neha Agarwal,Axis Bank,79909315319,Pranay Dutta Roy,Axis Bank,2500,Cash Deposit
TXN00695,UTR640182605128,2024-02-03,23:37:40,41992454521,Anita Rani,Axis Bank,EXT082072761,Merchant/UPI Handle - Utility Payment,Payment Gateway,7500,IMPS
TXN00319,UTR923363902190,2024-02-04,08:56:40,EXT113160374,Employer Pvt Ltd - Salary A/c,HDFC Bank,38037979360,Rohit Bansal,ICICI Bank,45000,NEFT
TXN01387,UTR381679973617,2024-02-05,14:02:42,68815550998,Poonam Chawla,Punjab National Bank,24798510995,Rustam Ali,Bank of Baroda,7500,Cash Withdrawal
TXN01323,UTR776294740976,2024-02-05,14:35:15,76092570588,Deepak Yadav,SBI,36247945967,Rekha Devi,Bank of Baroda,500,UPI
TXN01375,UTR884606965894,2024-02-05,15:53:41,EXT113160374,Employer Pvt Ltd - Salary A/c,HDFC Bank,68815550998,Poonam Chawla,Punjab National Bank,22000,NEFT
TXN00292,UTR821824088712,2024-02-05,18:41:45,EXT113160374,Employer Pvt Ltd - Salary A/c,HDFC Bank,08198427361,Amit Verma,SBI,35000,NEFT
TXN00820,UTR102211391020,2024-02-05,23:13:52,36247945967,Rekha Devi,Bank of Baroda,44396022575,Chandu Meena,Axis Bank,7500,RTGS
TXN01288,UTR221862358469,2024-02-06,09:31:13,52365451928,Farhana Begum,Kotak Mahindra Bank,88481678051,Munna Tyagi,Punjab National Bank,4000,RTGS
TXN00588,UTR434796220473,2024-02-06,15:30:52,EXT113160374,Employer Pvt Ltd - Salary A/c,HDFC Bank,24798510995,Rustam Ali,Bank of Baroda,35000,NEFT
TXN01229,UTR888140595803,2024-02-06,16:54:00,EXT113160374,Employer Pvt Ltd - Salary A/c,HDFC Bank,65117077513,Abid Khan,Kotak Mahindra Bank,35000,NEFT
TXN01279,UTR607200808678,2024-02-06,16:55:36,52365451928,Farhana Begum,Kotak Mahindra Bank,18056893044,Ramesh Chandra Pandey,Punjab National Bank,4000,IMPS
TXN01352,UTR977537087081,2024-02-06,21:37:44,35059071685,Sunita Rawat,HDFC Bank,EXT082072761,Merchant/UPI Handle - Utility Payment,Payment Gateway,2500,Cash Deposit
TXN00361,UTR358489663001,2024-02-07,07:07:19,80450816830,Chhotu Ansari,SBI,EXT082072761,Merchant/UPI Handle - Utility Payment,Payment Gateway,2500,UPI
TXN00916,UTR338481388611,2024-02-07,13:38:12,EXT113160374,Employer Pvt Ltd - Salary A/c,HDFC Bank,43588299843,Kavya Reddy,HDFC Bank,60000,NEFT
TXN00630,UTR795341350092,2024-02-08,11:51:29,69705333835,Priya Singh,SBI,EXT082072761,Merchant/UPI Handle - Utility Payment,Payment Gateway,4000,NEFT
TXN00279,UTR405063380653,2024-02-08,14:48:09,EXT113160374,Employer Pvt Ltd - Salary A/c,HDFC Bank,08198427361,Amit Verma,SBI,35000,NEFT
TXN00144,UTR852419124573,2024-02-08,16:17:51,54219677717,Deepak Chaudhary,ICICI Bank,EXT082072761,Merchant/UPI Handle - Utility Payment,Payment Gateway,500,IMPS
TXN00348,UTR940178740466,2024-02-08,21:09:20,80450816830,Chhotu Ansari,SBI,EXT082072761,Merchant/UPI Handle - Utility Payment,Payment Gateway,1200,NEFT
TXN00044,UTR827500591992,2024-02-08,21:15:17,EXT113160374,Employer Pvt Ltd - Salary A/c,HDFC Bank,68040380973,Sunil Malik,ICICI Bank,45000,NEFT
TXN00267,UTR958572119072,2024-02-09,06:17:33,64733283579,Nikhil Sharma,Punjab National Bank,EXT082072761,Merchant/UPI Handle - Utility Payment,Payment Gateway,1200,NEFT
TXN00724,UTR951330855261,2024-02-09,06:32:28,78264257436,Naveen Kumar Sharma,SBI,EXT082072761,Merchant/UPI Handle - Utility Payment,Payment Gateway,4000,IMPS
TXN01079,UTR711653428477,2024-02-09,06:52:13,99323421683,Tanvi Joshi,HDFC Bank,EXT082072761,Merchant/UPI Handle - Utility Payment,Payment Gateway,2500,IMPS
TXN00381,UTR353162567497,2024-02-09,09:42:01,80450816830,Chhotu Ansari,SBI,79909315319,Pranay Dutta Roy,Axis Bank,500,IMPS
TXN01090,UTR210181981871,2024-02-09,10:44:03,EXT113160374,Employer Pvt Ltd - Salary A/c,HDFC Bank,93902439957,Aditya Rathore,Axis Bank,18000,NEFT
TXN00276,UTR224923385879,2024-02-09,13:10:41,08198427361,Amit Verma,SBI,80450816830,Chhotu Ansari,SBI,1200,RTGS
TXN00717,UTR451798865602,2024-02-09,18:44:52,41992454521,Anita Rani,Axis Bank,69705333835,Priya Singh,SBI,4000,IMPS
TXN00213,UTR241660045840,2024-02-09,22:51:45,EXT113160374,Employer Pvt Ltd - Salary A/c,HDFC Bank,65580053757,Kavita Devi,Bank of Baroda,18000,NEFT
TXN01320,UTR599130256546,2024-02-10,06:16:32,76092570588,Deepak Yadav,SBI,EXT082072761,Merchant/UPI Handle - Utility Payment,Payment Gateway,2500,UPI
TXN01338,UTR347370286212,2024-02-10,08:08:55,EXT113160374,Employer Pvt Ltd - Salary A/c,HDFC Bank,35059071685,Sunita Rawat,HDFC Bank,35000,NEFT
TXN00951,UTR454341828944,2024-02-10,09:42:58,EXT113160374,Employer Pvt Ltd - Salary A/c,HDFC Bank,41492355953,Arjun Mehta,ICICI Bank,60000,NEFT
TXN00250,UTR291016969803,2024-02-10,17:24:21,64733283579,Nikhil Sharma,Punjab National Bank,76092570588,Deepak Yadav,SBI,4000,IMPS
TXN01347,UTR495476084867,2024-02-10,17:50:55,35059071685,Sunita Rawat,HDFC Bank,EXT082072761,Merchant/UPI Handle - Utility Payment,Payment Gateway,1200,NEFT
TXN01296,UTR367777145752,2024-02-10,18:30:28,52365451928,Farhana Begum,Kotak Mahindra Bank,76092570588,Deepak Yadav,SBI,4000,IMPS
TXN01123,UTR313915968020,2024-02-10,22:02:14,EXT113160374,Employer Pvt Ltd - Salary A/c,HDFC Bank,71327117523,Ishita Bose,SBI,35000,NEFT
TXN01020,UTR825795027827,2024-02-10,22:39:33,64281559570,Rohan Kapoor,HDFC Bank,EXT082072761,Merchant/UPI Handle - Utility Payment,Payment Gateway,500,Cash Withdrawal
TXN00628,UTR379560658175,2024-02-10,23:30:21,68826141830,Suresh Kumar Jain,Axis Bank,EXT082072761,Merchant/UPI Handle - Utility Payment,Payment Gateway,2500,UPI
TXN01175,UTR973399518508,2024-02-11,06:33:37,75073462726,Meera Nair,ICICI Bank,18633362450,Ajay Yadav,HDFC Bank,4000,UPI
TXN00935,UTR221385663984,2024-02-11,07:24:36,41492355953,Arjun Mehta,ICICI Bank,EXT082072761,Merchant/UPI Handle - Utility Payment,Payment Gateway,1200,IMPS
TXN00153,UTR966949730771,2024-02-11,13:36:43,54219677717,Deepak Chaudhary,ICICI Bank,EXT082072761,Merchant/UPI Handle - Utility Payment,Payment Gateway,2500,Cash Withdrawal
TXN00131,UTR987070265947,2024-02-11,17:02:49,42679916140,Imran Sheikh,HDFC Bank,80450816830,Chhotu Ansari,SBI,1200,NEFT
TXN00192,UTR668999218736,2024-02-12,08:01:56,EXT113160374,Employer Pvt Ltd - Salary A/c,HDFC Bank,43686792403,Salman Qureshi,SBI,45000,NEFT
TXN00536,UTR816085411257,2024-02-12,09:28:30,44396022575,Chandu Meena,Axis Bank,EXT082072761,Merchant/UPI Handle - Utility Payment,Payment Gateway,2500,IMPS
TXN00990,UTR156407138340,2024-02-12,20:21:27,23680352646,Simran Kaur,Kotak Mahindra Bank,EXT082072761,Merchant/UPI Handle - Utility Payment,Payment Gateway,4000,UPI
TXN01134,UTR919421666984,2024-02-12,20:40:11,71327117523,Ishita Bose,SBI,EXT082072761,Merchant/UPI Handle - Utility Payment,Payment Gateway,1200,NEFT
TXN00978,UTR624300681167,2024-02-12,21:48:58,EXT113160374,Employer Pvt Ltd - Salary A/c,HDFC Bank,23680352646,Simran Kaur,Kotak Mahindra Bank,22000,NEFT
TXN00897,UTR367056944699,2024-02-13,08:51:00,79909315319,Pranay Dutta Roy,Axis Bank,35059071685,Sunita Rawat,HDFC Bank,500,Cash Withdrawal
TXN00427,UTR453643710518,2024-02-13,10:22:41,EXT113160374,Employer Pvt Ltd - Salary A/c,HDFC Bank,88481678051,Munna Tyagi,Punjab National Bank,35000,NEFT
TXN01291,UTR267097499372,2024-02-13,13:00:03,52365451928,Farhana Begum,Kotak Mahindra Bank,EXT082072761,Merchant/UPI Handle - Utility Payment,Payment Gateway,7500,Cash Withdrawal
TXN00293,UTR296240711305,2024-02-13,18:28:52,08198427361,Amit Verma,SBI,EXT082072761,Merchant/UPI Handle - Utility Payment,Payment Gateway,500,Cash Deposit
TXN00310,UTR507723771350,2024-02-13,23:20:02,08198427361,Amit Verma,SBI,32412415786,Rakesh Kumar,SBI,500,RTGS
TXN00572,UTR428582167049,2024-02-13,23:53:45,EXT113160374,Employer Pvt Ltd - Salary A/c,HDFC Bank,24798510995,Rustam Ali,Bank of Baroda,35000,NEFT
TXN01159,UTR380201637343,2024-02-14,11:19:17,09094330418,Karan Malhotra,HDFC Bank,55933722348,Vikas Tomar,ICICI Bank,7500,NEFT
TXN01298,UTR548459719008,2024-02-14,14:01:21,52365451928,Farhana Begum,Kotak Mahindra Bank,EXT082072761,Merchant/UPI Handle - Utility Payment,Payment Gateway,7500,UPI
TXN00522,UTR536319552630,2024-02-14,18:09:23,EXT113160374,Employer Pvt Ltd - Salary A/c,HDFC Bank,82760561101,Guddi Bai,SBI,60000,NEFT
TXN01402,UTR505519762001,2024-02-14,23:56:51,32437664397,Manoj Tiwari,Kotak Mahindra Bank,68040380973,Sunil Malik,ICICI Bank,2500,IMPS
TXN01004,UTR687131438390,2024-02-15,06:16:24,64281559570,Rohan Kapoor,HDFC Bank,EXT082072761,Merchant/UPI Handle - Utility Payment,Payment Gateway,500,Cash Withdrawal
TXN00258,UTR215484649200,2024-02-15,06:47:29,64733283579,Nikhil Sharma,Punjab National Bank,EXT082072761,Merchant/UPI Handle - Utility Payment,Payment Gateway,500,NEFT
TXN00392,UTR657154116007,2024-02-15,09:57:24,EXT113160374,Employer Pvt Ltd - Salary A/c,HDFC Bank,05606834229,Lakhan Singh Bhatti,SBI,35000,NEFT
TXN00726,UTR559943467291,2024-02-16,06:35:32,EXT113160374,Employer Pvt Ltd - Salary A/c,HDFC Bank,78264257436,Naveen Kumar Sharma,SBI,35000,NEFT
TXN01201,UTR647690995751,2024-02-16,09:43:47,65117077513,Abid Khan,Kotak Mahindra Bank,EXT082072761,Merchant/UPI Handle - Utility Payment,Payment Gateway,7500,IMPS
TXN00205,UTR654598266341,2024-02-16,15:00:03,65580053757,Kavita Devi,Bank of Baroda,EXT082072761,Merchant/UPI Handle - Utility Payment,Payment Gateway,7500,UPI
TXN01280,UTR338778571935,2024-02-16,17:04:06,52365451928,Farhana Begum,Kotak Mahindra Bank,EXT082072761,Merchant/UPI Handle - Utility Payment,Payment Gateway,1200,RTGS
TXN00982,UTR784498009028,2024-02-16,22:15:24,23680352646,Simran Kaur,Kotak Mahindra Bank,EXT082072761,Merchant/UPI Handle - Utility Payment,Payment Gateway,4000,Cash Withdrawal
TXN00147,UTR698963207832,2024-02-17,12:02:55,54219677717,Deepak Chaudhary,ICICI Bank,EXT082072761,Merchant/UPI Handle - Utility Payment,Payment Gateway,4000,Cash Withdrawal
TXN01077,UTR495080809942,2024-02-17,14:24:30,EXT113160374,Employer Pvt Ltd - Salary A/c,HDFC Bank,99323421683,Tanvi Joshi,HDFC Bank,18000,NEFT
TXN00243,UTR947278912789,2024-02-17,16:52:15,EXT113160374,Employer Pvt Ltd - Salary A/c,HDFC Bank,64733283579,Nikhil Sharma,Punjab National Bank,45000,NEFT
TXN00043,UTR643845526980,2024-02-17,23:31:46,68040380973,Sunil Malik,ICICI Bank,EXT082072761,Merchant/UPI Handle - Utility Payment,Payment Gateway,1200,NEFT
TXN00422,UTR106432087809,2024-02-18,10:17:01,EXT113160374,Employer Pvt Ltd - Salary A/c,HDFC Bank,88481678051,Munna Tyagi,Punjab National Bank,35000,NEFT
TXN01271,UTR160348773638,2024-02-18,13:50:13,52365451928,Farhana Begum,Kotak Mahindra Bank,EXT082072761,Merchant/UPI Handle - Utility Payment,Payment Gateway,500,RTGS
TXN00962,UTR532467266578,2024-02-18,18:23:23,23680352646,Simran Kaur,Kotak Mahindra Bank,EXT082072761,Merchant/UPI Handle - Utility Payment,Payment Gateway,4000,UPI
TXN01262,UTR153729538002,2024-02-18,22:42:21,64162634588,Rajesh Sinha,SBI,43588299843,Kavya Reddy,HDFC Bank,4000,UPI
TXN00683,UTR314127529499,2024-02-19,07:08:36,18056893044,Ramesh Chandra Pandey,Punjab National Bank,EXT082072761,Merchant/UPI Handle - Utility Payment,Payment Gateway,7500,RTGS
TXN00771,UTR306500419618,2024-02-19,09:05:52,44760461844,Farhan Ahmed,Punjab National Bank,71327117523,Ishita Bose,SBI,7500,UPI
TXN00549,UTR955171358345,2024-02-19,09:39:28,44396022575,Chandu Meena,Axis Bank,EXT082072761,Merchant/UPI Handle - Utility Payment,Payment Gateway,2500,UPI
TXN01356,UTR907780436066,2024-02-19,15:58:56,35059071685,Sunita Rawat,HDFC Bank,88481678051,Munna Tyagi,Punjab National Bank,1200,IMPS
TXN00008,UTR329746875688,2024-02-19,21:45:39,32412415786,Rakesh Kumar,SBI,EXT082072761,Merchant/UPI Handle - Utility Payment,Payment Gateway,7500,UPI
TXN00596,UTR513568239332,2024-02-20,13:16:47,49471531912,Mahesh Chand Gupta,ICICI Bank,EXT082072761,Merchant/UPI Handle - Utility Payment,Payment Gateway,2500,Cash Withdrawal
TXN01177,UTR593323523219,2024-02-20,17:16:58,75073462726,Meera Nair,ICICI Bank,EXT082072761,Merchant/UPI Handle - Utility Payment,Payment Gateway,7500,Cash Deposit
TXN00744,UTR859325851158,2024-02-20,17:50:39,78264257436,Naveen Kumar Sharma,SBI,EXT082072761,Merchant/UPI Handle - Utility Payment,Payment Gateway,2500,RTGS
TXN00956,UTR621708048364,2024-02-21,08:13:46,41492355953,Arjun Mehta,ICICI Bank,23680352646,Simran Kaur,Kotak Mahindra Bank,2500,UPI
TXN00865,UTR990560292522,2024-02-21,11:48:16,94695183670,Vivek Malhotra,Axis Bank,EXT082072761,Merchant/UPI Handle - Utility Payment,Payment Gateway,7500,NEFT
TXN01084,UTR214801599393,2024-02-21,13:29:35,93902439957,Aditya Rathore,Axis Bank,EXT082072761,Merchant/UPI Handle - Utility Payment,Payment Gateway,1200,IMPS
TXN01073,UTR307580867097,2024-02-21,15:16:41,99323421683,Tanvi Joshi,HDFC Bank,EXT082072761,Merchant/UPI Handle - Utility Payment,Payment Gateway,7500,RTGS
TXN00930,UTR348171613716,2024-02-21,23:07:47,41492355953,Arjun Mehta,ICICI Bank,EXT082072761,Merchant/UPI Handle - Utility Payment,Payment Gateway,7500,RTGS
TXN00125,UTR802351500364,2024-02-21,23:21:21,42679916140,Imran Sheikh,HDFC Bank,EXT082072761,Merchant/UPI Handle - Utility Payment,Payment Gateway,1200,Cash Withdrawal
TXN00365,UTR904289202945,2024-02-22,11:24:10,80450816830,Chhotu Ansari,SBI,EXT082072761,Merchant/UPI Handle - Utility Payment,Payment Gateway,4000,Cash Deposit
TXN00329,UTR579040906436,2024-02-22,14:31:16,16568651026,Bhola Prasad,ICICI Bank,EXT082072761,Merchant/UPI Handle - Utility Payment,Payment Gateway,1200,RTGS
TXN01074,UTR589930053957,2024-02-22,17:33:18,EXT113160374,Employer Pvt Ltd - Salary A/c,HDFC Bank,99323421683,Tanvi Joshi,HDFC Bank,18000,NEFT
TXN01101,UTR121674274935,2024-02-23,17:38:42,93902439957,Aditya Rathore,Axis Bank,EXT082072761,Merchant/UPI Handle - Utility Payment,Payment Gateway,7500,IMPS
TXN00171,UTR913957193950,2024-02-23,19:57:02,43686792403,Salman Qureshi,SBI,EXT082072761,Merchant/UPI Handle - Utility Payment,Payment Gateway,7500,NEFT
TXN00183,UTR399354823688,2024-02-23,20:19:03,EXT113160374,Employer Pvt Ltd - Salary A/c,HDFC Bank,43686792403,Salman Qureshi,SBI,60000,NEFT
TXN01413,UTR470238255757,2024-02-23,21:17:13,EXT113160374,Employer Pvt Ltd - Salary A/c,HDFC Bank,32437664397,Manoj Tiwari,Kotak Mahindra Bank,22000,NEFT
TXN00262,UTR170268954307,2024-02-24,08:39:05,64733283579,Nikhil Sharma,Punjab National Bank,08198427361,Amit Verma,SBI,500,RTGS
TXN01391,UTR162617422651,2024-02-24,18:19:08,68815550998,Poonam Chawla,Punjab National Bank,64281559570,Rohan Kapoor,HDFC Bank,7500,IMPS
TXN01019,UTR324993871693,2024-02-24,18:47:00,EXT113160374,Employer Pvt Ltd - Salary A/c,HDFC Bank,64281559570,Rohan Kapoor,HDFC Bank,18000,NEFT
TXN00074,UTR400354412179,2024-02-25,11:08:30,18633362450,Ajay Yadav,HDFC Bank,EXT082072761,Merchant/UPI Handle - Utility Payment,Payment Gateway,1200,NEFT
TXN00284,UTR556697567461,2024-02-26,16:14:20,08198427361,Amit Verma,SBI,EXT082072761,Merchant/UPI Handle - Utility Payment,Payment Gateway,1200,Cash Deposit
TXN00428,UTR170135432341,2024-02-27,10:06:50,88481678051,Munna Tyagi,Punjab National Bank,EXT082072761,Merchant/UPI Handle - Utility Payment,Payment Gateway,7500,RTGS
TXN00967,UTR675066487235,2024-02-27,13:44:12,23680352646,Simran Kaur,Kotak Mahindra Bank,EXT082072761,Merchant/UPI Handle - Utility Payment,Payment Gateway,7500,RTGS
TXN00454,UTR209337397333,2024-02-28,13:48:37,88481678051,Munna Tyagi,Punjab National Bank,38708135078,Irfan Ali,Axis Bank,500,RTGS
TXN00308,UTR640757350977,2024-02-28,13:59:37,08198427361,Amit Verma,SBI,68040380973,Sunil Malik,ICICI Bank,2500,NEFT
TXN00708,UTR544884272817,2024-02-29,06:35:21,EXT113160374,Employer Pvt Ltd - Salary A/c,HDFC Bank,41992454521,Anita Rani,Axis Bank,35000,NEFT
TXN01044,UTR913990261546,2024-02-29,15:46:19,86831863542,Neha Agarwal,Axis Bank,EXT082072761,Merchant/UPI Handle - Utility Payment,Payment Gateway,2500,NEFT
TXN01083,UTR644809536382,2024-02-29,17:18:58,93902439957,Aditya Rathore,Axis Bank,23680352646,Simran Kaur,Kotak Mahindra Bank,1200,NEFT
TXN01223,UTR336819973694,2024-02-29,23:01:57,EXT113160374,Employer Pvt Ltd - Salary A/c,HDFC Bank,65117077513,Abid Khan,Kotak Mahindra Bank,18000,NEFT
TXN00169,UTR338634321605,2024-03-01,09:02:02,54219677717,Deepak Chaudhary,ICICI Bank,EXT082072761,Merchant/UPI Handle - Utility Payment,Payment Gateway,4000,Cash Withdrawal
TXN00841,UTR740271486196,2024-03-01,11:09:58,94695183670,Vivek Malhotra,Axis Bank,05606834229,Lakhan Singh Bhatti,SBI,7500,NEFT
TXN00364,UTR111048349469,2024-03-01,13:31:23,EXT113160374,Employer Pvt Ltd - Salary A/c,HDFC Bank,80450816830,Chhotu Ansari,SBI,22000,NEFT
TXN00789,UTR381095010363,2024-03-01,21:06:51,35244533458,Sanjay Bhardwaj,Punjab National Bank,32412415786,Rakesh Kumar,SBI,500,UPI
TXN00986,UTR656709199173,2024-03-02,06:36:50,EXT113160374,Employer Pvt Ltd - Salary A/c,HDFC Bank,23680352646,Simran Kaur,Kotak Mahindra Bank,35000,NEFT
TXN00781,UTR828040424247,2024-03-02,14:39:27,44760461844,Farhan Ahmed,Punjab National Bank,18056893044,Ramesh Chandra Pandey,Punjab National Bank,500,Cash Withdrawal
TXN01322,UTR371389157088,2024-03-02,21:24:24,EXT113160374,Employer Pvt Ltd - Salary A/c,HDFC Bank,76092570588,Deepak Yadav,SBI,60000,NEFT
TXN00751,UTR159238121820,2024-03-02,23:45:29,78264257436,Naveen Kumar Sharma,SBI,93902439957,Aditya Rathore,Axis Bank,4000,NEFT
TXN01251,UTR204656780796,2024-03-03,16:05:03,64162634588,Rajesh Sinha,SBI,05606834229,Lakhan Singh Bhatti,SBI,2500,UPI
TXN01141,UTR968285381942,2024-03-04,08:55:37,71327117523,Ishita Bose,SBI,64281559570,Rohan Kapoor,HDFC Bank,4000,NEFT
TXN00461,UTR381185867265,2024-03-04,09:31:30,90413217740,Pappu Solanki,Kotak Mahindra Bank,EXT082072761,Merchant/UPI Handle - Utility Payment,Payment Gateway,500,Cash Withdrawal
TXN00833,UTR986766825892,2024-03-04,17:56:36,36247945967,Rekha Devi,Bank of Baroda,EXT082072761,Merchant/UPI Handle - Utility Payment,Payment Gateway,2500,Cash Withdrawal
TXN00463,UTR899291512814,2024-03-05,22:07:02,90413217740,Pappu Solanki,Kotak Mahindra Bank,EXT082072761,Merchant/UPI Handle - Utility Payment,Payment Gateway,4000,Cash Deposit
TXN00105,UTR226524321889,2024-03-05,23:42:47,EXT113160374,Employer Pvt Ltd - Salary A/c,HDFC Bank,55933722348,Vikas Tomar,ICICI Bank,35000,NEFT
TXN01000,UTR394702414242,2024-03-06,08:53:58,64281559570,Rohan Kapoor,HDFC Bank,94695183670,Vivek Malhotra,Axis Bank,2500,IMPS
TXN00202,UTR528687284607,2024-03-06,10:14:11,EXT113160374,Employer Pvt Ltd - Salary A/c,HDFC Bank,65580053757,Kavita Devi,Bank of Baroda,35000,NEFT
TXN00079,UTR360971704334,2024-03-06,19:18:52,55933722348,Vikas Tomar,ICICI Bank,EXT082072761,Merchant/UPI Handle - Utility Payment,Payment Gateway,2500,RTGS
TXN00073,UTR408601373069,2024-03-07,11:37:50,EXT113160374,Employer Pvt Ltd - Salary A/c,HDFC Bank,18633362450,Ajay Yadav,HDFC Bank,18000,NEFT
TXN00867,UTR859698673389,2024-03-07,15:16:29,94695183670,Vivek Malhotra,Axis Bank,EXT082072761,Merchant/UPI Handle - Utility Payment,Payment Gateway,7500,UPI
TXN01236,UTR585630690529,2024-03-07,20:47:33,64162634588,Rajesh Sinha,SBI,65117077513,Abid Khan,Kotak Mahindra Bank,2500,IMPS
TXN00166,UTR458543284178,2024-03-08,20:27:06,EXT113160374,Employer Pvt Ltd - Salary A/c,HDFC Bank,54219677717,Deepak Chaudhary,ICICI Bank,22000,NEFT
TXN01131,UTR229045321739,2024-03-08,22:10:08,71327117523,Ishita Bose,SBI,43588299843,Kavya Reddy,HDFC Bank,4000,IMPS
TXN01117,UTR619816421944,2024-03-09,08:34:25,EXT113160374,Employer Pvt Ltd - Salary A/c,HDFC Bank,93902439957,Aditya Rathore,Axis Bank,60000,NEFT
TXN00138,UTR431636848398,2024-03-09,09:14:11,54219677717,Deepak Chaudhary,ICICI Bank,EXT082072761,Merchant/UPI Handle - Utility Payment,Payment Gateway,2500,IMPS
TXN01009,UTR461830866305,2024-03-09,14:28:57,EXT113160374,Employer Pvt Ltd - Salary A/c,HDFC Bank,64281559570,Rohan Kapoor,HDFC Bank,35000,NEFT
TXN01071,UTR199368415171,2024-03-09,14:37:51,99323421683,Tanvi Joshi,HDFC Bank,EXT082072761,Merchant/UPI Handle - Utility Payment,Payment Gateway,500,Cash Withdrawal
TXN01058,UTR425949285203,2024-03-09,16:27:30,86831863542,Neha Agarwal,Axis Bank,43686792403,Salman Qureshi,SBI,7500,RTGS
TXN01257,UTR141083667078,2024-03-09,20:53:45,EXT113160374,Employer Pvt Ltd - Salary A/c,HDFC Bank,64162634588,Rajesh Sinha,SBI,60000,NEFT
TXN00828,UTR201593595988,2024-03-10,06:22:12,EXT113160374,Employer Pvt Ltd - Salary A/c,HDFC Bank,36247945967,Rekha Devi,Bank of Baroda,18000,NEFT
TXN00032,UTR100799092073,2024-03-10,09:03:59,EXT113160374,Employer Pvt Ltd - Salary A/c,HDFC Bank,68040380973,Sunil Malik,ICICI Bank,35000,NEFT
TXN01180,UTR276533730061,2024-03-10,18:29:29,75073462726,Meera Nair,ICICI Bank,EXT082072761,Merchant/UPI Handle - Utility Payment,Payment Gateway,2500,Cash Withdrawal
TXN00281,UTR866413988392,2024-03-10,21:12:10,08198427361,Amit Verma,SBI,EXT082072761,Merchant/UPI Handle - Utility Payment,Payment Gateway,4000,RTGS
TXN00728,UTR145383781797,2024-03-11,07:16:28,EXT113160374,Employer Pvt Ltd - Salary A/c,HDFC Bank,78264257436,Naveen Kumar Sharma,SBI,45000,NEFT
TXN01166,UTR558353116476,2024-03-11,07:27:21,75073462726,Meera Nair,ICICI Bank,EXT082072761,Merchant/UPI Handle - Utility Payment,Payment Gateway,1200,Cash Withdrawal
TXN00529,UTR733581375557,2024-03-11,08:21:32,EXT113160374,Employer Pvt Ltd - Salary A/c,HDFC Bank,44396022575,Chandu Meena,Axis Bank,35000,NEFT
TXN00869,UTR948658013310,2024-03-11,16:41:57,EXT113160374,Employer Pvt Ltd - Salary A/c,HDFC Bank,94695183670,Vivek Malhotra,Axis Bank,22000,NEFT
TXN00412,UTR818540474516,2024-03-11,22:53:50,EXT113160374,Employer Pvt Ltd - Salary A/c,HDFC Bank,05606834229,Lakhan Singh Bhatti,SBI,45000,NEFT
TXN00351,UTR288089787011,2024-03-11,23:18:01,80450816830,Chhotu Ansari,SBI,05606834229,Lakhan Singh Bhatti,SBI,500,IMPS
TXN00832,UTR203911434006,2024-03-11,23:53:08,EXT113160374,Employer Pvt Ltd - Salary A/c,HDFC Bank,36247945967,Rekha Devi,Bank of Baroda,18000,NEFT
TXN00380,UTR459940133008,2024-03-12,08:01:03,80450816830,Chhotu Ansari,SBI,EXT082072761,Merchant/UPI Handle - Utility Payment,Payment Gateway,500,RTGS
TXN00266,UTR377017752037,2024-03-12,16:13:59,64733283579,Nikhil Sharma,Punjab National Bank,EXT082072761,Merchant/UPI Handle - Utility Payment,Payment Gateway,500,Cash Deposit
TXN00973,UTR812284864387,2024-03-12,17:24:42,EXT113160374,Employer Pvt Ltd - Salary A/c,HDFC Bank,23680352646,Simran Kaur,Kotak Mahindra Bank,18000,NEFT
TXN01305,UTR355192527864,2024-03-12,17:39:14,76092570588,Deepak Yadav,SBI,88481678051,Munna Tyagi,Punjab National Bank,500,UPI
TXN00257,UTR613376148837,2024-03-12,22:16:00,64733283579,Nikhil Sharma,Punjab National Bank,23680352646,Simran Kaur,Kotak Mahindra Bank,2500,RTGS
TXN00561,UTR345292194787,2024-03-12,22:24:18,EXT113160374,Employer Pvt Ltd - Salary A/c,HDFC Bank,24798510995,Rustam Ali,Bank of Baroda,22000,NEFT
TXN01050,UTR639296766217,2024-03-13,06:28:06,86831863542,Neha Agarwal,Axis Bank,EXT082072761,Merchant/UPI Handle - Utility Payment,Payment Gateway,4000,Cash Deposit
TXN00278,UTR659668459076,2024-03-13,08:48:18,08198427361,Amit Verma,SBI,44760461844,Farhan Ahmed,Punjab National Bank,7500,IMPS
TXN01416,UTR918194590817,2024-03-13,23:11:40,18633362450,Ajay Yadav,HDFC Bank,55933722348,Vikas Tomar,ICICI Bank,15000,Cash Deposit
TXN01417,UTR494247742641,2024-03-14,12:56:58,55933722348,Vikas Tomar,ICICI Bank,32412415786,Rakesh Kumar,SBI,6000,Cash Deposit
TXN00756,UTR301993975827,2024-03-14,13:33:48,44760461844,Farhan Ahmed,Punjab National Bank,EXT082072761,Merchant/UPI Handle - Utility Payment,Payment Gateway,2500,Cash Deposit
TXN00157,UTR153352109055,2024-03-14,15:15:10,54219677717,Deepak Chaudhary,ICICI Bank,EXT082072761,Merchant/UPI Handle - Utility Payment,Payment Gateway,500,IMPS
TXN00577,UTR344839384107,2024-03-14,17:42:31,24798510995,Rustam Ali,Bank of Baroda,EXT082072761,Merchant/UPI Handle - Utility Payment,Payment Gateway,4000,Cash Withdrawal
TXN00802,UTR421105151664,2024-03-14,18:50:50,35244533458,Sanjay Bhardwaj,Punjab National Bank,65580053757,Kavita Devi,Bank of Baroda,500,RTGS
TXN00747,UTR418953026092,2024-03-14,19:52:40,EXT113160374,Employer Pvt Ltd - Salary A/c,HDFC Bank,78264257436,Naveen Kumar Sharma,SBI,18000,NEFT
TXN00494,UTR922397838302,2024-03-14,23:38:15,90413217740,Pappu Solanki,Kotak Mahindra Bank,82760561101,Guddi Bai,SBI,7500,UPI
TXN00211,UTR477237415740,2024-03-15,06:37:08,EXT113160374,Employer Pvt Ltd - Salary A/c,HDFC Bank,65580053757,Kavita Devi,Bank of Baroda,22000,NEFT
TXN00906,UTR380146267702,2024-03-15,08:30:13,43588299843,Kavya Reddy,HDFC Bank,64733283579,Nikhil Sharma,Punjab National Bank,500,RTGS
TXN01165,UTR609552688072,2024-03-15,11:11:36,75073462726,Meera Nair,ICICI Bank,EXT082072761,Merchant/UPI Handle - Utility Payment,Payment Gateway,4000,UPI
TXN01106,UTR752605763215,2024-03-15,12:50:04,EXT113160374,Employer Pvt Ltd - Salary A/c,HDFC Bank,93902439957,Aditya Rathore,Axis Bank,45000,NEFT
TXN00417,UTR173036897055,2024-03-15,13:07:22,05606834229,Lakhan Singh Bhatti,SBI,35059071685,Sunita Rawat,HDFC Bank,7500,NEFT
TXN01086,UTR778367848285,2024-03-15,14:48:08,EXT113160374,Employer Pvt Ltd - Salary A/c,HDFC Bank,93902439957,Aditya Rathore,Axis Bank,18000,NEFT
TXN00019,UTR858088970820,2024-03-15,18:36:30,EXT113160374,Employer Pvt Ltd - Salary A/c,HDFC Bank,32412415786,Rakesh Kumar,SBI,35000,NEFT
TXN00806,UTR861484593217,2024-03-16,10:11:29,35244533458,Sanjay Bhardwaj,Punjab National Bank,EXT082072761,Merchant/UPI Handle - Utility Payment,Payment Gateway,500,IMPS
TXN00590,UTR143032264109,2024-03-16,14:42:39,49471531912,Mahesh Chand Gupta,ICICI Bank,EXT082072761,Merchant/UPI Handle - Utility Payment,Payment Gateway,7500,UPI
TXN00641,UTR357050550576,2024-03-16,15:20:31,69705333835,Priya Singh,SBI,EXT082072761,Merchant/UPI Handle - Utility Payment,Payment Gateway,2500,Cash Deposit
TXN01065,UTR743310812556,2024-03-17,06:28:33,86831863542,Neha Agarwal,Axis Bank,EXT082072761,Merchant/UPI Handle - Utility Payment,Payment Gateway,500,NEFT
TXN00659,UTR583136190479,2024-03-17,09:04:12,69705333835,Priya Singh,SBI,94695183670,Vivek Malhotra,Axis Bank,2500,Cash Deposit
TXN00732,UTR572767066377,2024-03-17,16:11:28,78264257436,Naveen Kumar Sharma,SBI,68815550998,Poonam Chawla,Punjab National Bank,1200,UPI
TXN00375,UTR666030506280,2024-03-17,20:38:46,80450816830,Chhotu Ansari,SBI,71327117523,Ishita Bose,SBI,500,Cash Withdrawal
TXN01085,UTR834199786406,2024-03-17,22:33:05,EXT113160374,Employer Pvt Ltd - Salary A/c,HDFC Bank,93902439957,Aditya Rathore,Axis Bank,18000,NEFT
TXN00585,UTR213275824820,2024-03-18,07:40:15,EXT113160374,Employer Pvt Ltd - Salary A/c,HDFC Bank,24798510995,Rustam Ali,Bank of Baroda,18000,NEFT
TXN01313,UTR181600530163,2024-03-19,13:44:10,EXT113160374,Employer Pvt Ltd - Salary A/c,HDFC Bank,76092570588,Deepak Yadav,SBI,18000,NEFT
TXN00481,UTR260925781087,2024-03-19,22:28:06,90413217740,Pappu Solanki,Kotak Mahindra Bank,08198427361,Amit Verma,SBI,7500,RTGS
TXN01160,UTR447771718446,2024-03-20,07:19:19,09094330418,Karan Malhotra,HDFC Bank,EXT082072761,Merchant/UPI Handle - Utility Payment,Payment Gateway,2500,NEFT
TXN01138,UTR674753100705,2024-03-20,17:17:58,71327117523,Ishita Bose,SBI,EXT082072761,Merchant/UPI Handle - Utility Payment,Payment Gateway,1200,Cash Withdrawal
TXN01354,UTR710064956505,2024-03-21,06:30:01,35059071685,Sunita Rawat,HDFC Bank,EXT082072761,Merchant/UPI Handle - Utility Payment,Payment Gateway,7500,NEFT
TXN00579,UTR619111902051,2024-03-21,07:39:22,24798510995,Rustam Ali,Bank of Baroda,55933722348,Vikas Tomar,ICICI Bank,500,Cash Deposit
TXN00214,UTR414502401604,2024-03-21,12:59:26,65580053757,Kavita Devi,Bank of Baroda,68815550998,Poonam Chawla,Punjab National Bank,1200,Cash Withdrawal
TXN01436,UTR358382581867,2024-03-21,17:22:43,54219677717,Deepak Chaudhary,ICICI Bank,65580053757,Kavita Devi,Bank of Baroda,60000,Cash Deposit
TXN00690,UTR697639997920,2024-03-22,08:01:09,EXT113160374,Employer Pvt Ltd - Salary A/c,HDFC Bank,41992454521,Anita Rani,Axis Bank,18000,NEFT
TXN01437,UTR153093354574,2024-03-22,08:26:34,65580053757,Kavita Devi,Bank of Baroda,68826141830,Suresh Kumar Jain,Axis Bank,17468,UPI
TXN01439,UTR686198691433,2024-03-22,20:13:52,65580053757,Kavita Devi,Bank of Baroda,10884387334,Yash Chopra,Bank of Baroda,13551,UPI
TXN00208,UTR914450927745,2024-03-22,22:48:35,EXT113160374,Employer Pvt Ltd - Salary A/c,HDFC Bank,65580053757,Kavita Devi,Bank of Baroda,22000,NEFT
TXN01438,UTR269014246701,2024-03-22,23:02:53,65580053757,Kavita Devi,Bank of Baroda,65117077513,Abid Khan,Kotak Mahindra Bank,13136,UPI
TXN00593,UTR838200335991,2024-03-22,23:10:18,EXT113160374,Employer Pvt Ltd - Salary A/c,HDFC Bank,49471531912,Mahesh Chand Gupta,ICICI Bank,60000,NEFT
TXN00547,UTR512822465748,2024-03-23,06:23:49,44396022575,Chandu Meena,Axis Bank,52365451928,Farhana Begum,Kotak Mahindra Bank,500,Cash Deposit
TXN00152,UTR734918921040,2024-03-23,07:34:51,54219677717,Deepak Chaudhary,ICICI Bank,EXT082072761,Merchant/UPI Handle - Utility Payment,Payment Gateway,1200,NEFT
TXN01326,UTR802746723720,2024-03-23,09:56:10,76092570588,Deepak Yadav,SBI,68815550998,Poonam Chawla,Punjab National Bank,500,UPI
TXN00368,UTR940436213814,2024-03-23,11:27:22,80450816830,Chhotu Ansari,SBI,EXT082072761,Merchant/UPI Handle - Utility Payment,Payment Gateway,7500,RTGS
TXN00734,UTR781143703459,2024-03-23,12:00:08,EXT113160374,Employer Pvt Ltd - Salary A/c,HDFC Bank,78264257436,Naveen Kumar Sharma,SBI,22000,NEFT
TXN00600,UTR152069778100,2024-03-23,13:11:03,49471531912,Mahesh Chand Gupta,ICICI Bank,88481678051,Munna Tyagi,Punjab National Bank,2500,RTGS
TXN00070,UTR768631237297,2024-03-23,18:41:42,EXT113160374,Employer Pvt Ltd - Salary A/c,HDFC Bank,18633362450,Ajay Yadav,HDFC Bank,45000,NEFT
TXN01163,UTR649316916863,2024-03-23,19:34:06,75073462726,Meera Nair,ICICI Bank,EXT082072761,Merchant/UPI Handle - Utility Payment,Payment Gateway,2500,UPI
TXN00240,UTR806942398746,2024-03-23,22:22:49,EXT113160374,Employer Pvt Ltd - Salary A/c,HDFC Bank,64733283579,Nikhil Sharma,Punjab National Bank,60000,NEFT
TXN00210,UTR967402156571,2024-03-24,08:03:28,EXT113160374,Employer Pvt Ltd - Salary A/c,HDFC Bank,65580053757,Kavita Devi,Bank of Baroda,18000,NEFT
TXN00813,UTR153521987913,2024-03-24,12:19:34,EXT113160374,Employer Pvt Ltd - Salary A/c,HDFC Bank,35244533458,Sanjay Bhardwaj,Punjab National Bank,60000,NEFT
TXN00541,UTR562741571511,2024-03-24,15:17:08,44396022575,Chandu Meena,Axis Bank,78264257436,Naveen Kumar Sharma,SBI,7500,RTGS
TXN00471,UTR355901668058,2024-03-25,07:42:03,EXT113160374,Employer Pvt Ltd - Salary A/c,HDFC Bank,90413217740,Pappu Solanki,Kotak Mahindra Bank,45000,NEFT
TXN01199,UTR835174725659,2024-03-25,08:27:37,EXT113160374,Employer Pvt Ltd - Salary A/c,HDFC Bank,65117077513,Abid Khan,Kotak Mahindra Bank,18000,NEFT
TXN00785,UTR127226900897,2024-03-25,09:29:25,35244533458,Sanjay Bhardwaj,Punjab National Bank,68040380973,Sunil Malik,ICICI Bank,7500,NEFT
TXN01440,UTR690576191831,2024-03-25,11:00:21,65580053757,Kavita Devi,Bank of Baroda,23680352646,Simran Kaur,Kotak Mahindra Bank,15845,UPI
TXN00752,UTR316891213262,2024-03-25,12:09:11,EXT113160374,Employer Pvt Ltd - Salary A/c,HDFC Bank,78264257436,Naveen Kumar Sharma,SBI,18000,NEFT
TXN00377,UTR912820456933,2024-03-25,12:39:08,EXT113160374,Employer Pvt Ltd - Salary A/c,HDFC Bank,80450816830,Chhotu Ansari,SBI,18000,NEFT
TXN00229,UTR133532367709,2024-03-25,16:37:28,EXT113160374,Employer Pvt Ltd - Salary A/c,HDFC Bank,65580053757,Kavita Devi,Bank of Baroda,35000,NEFT
TXN00791,UTR635310862983,2024-03-25,17:04:24,35244533458,Sanjay Bhardwaj,Punjab National Bank,EXT082072761,Merchant/UPI Handle - Utility Payment,Payment Gateway,4000,Cash Deposit
TXN01179,UTR204079399113,2024-03-25,20:39:47,75073462726,Meera Nair,ICICI Bank,68040380973,Sunil Malik,ICICI Bank,2500,IMPS
TXN00548,UTR848432142811,2024-03-25,20:53:10,44396022575,Chandu Meena,Axis Bank,08198427361,Amit Verma,SBI,7500,IMPS
TXN01063,UTR746664406770,2024-03-25,23:36:37,86831863542,Neha Agarwal,Axis Bank,65117077513,Abid Khan,Kotak Mahindra Bank,2500,NEFT
TXN01113,UTR663026131006,2024-03-26,11:29:31,93902439957,Aditya Rathore,Axis Bank,EXT082072761,Merchant/UPI Handle - Utility Payment,Payment Gateway,7500,NEFT
TXN00081,UTR359909643115,2024-03-26,22:59:42,55933722348,Vikas Tomar,ICICI Bank,64281559570,Rohan Kapoor,HDFC Bank,4000,IMPS
TXN00036,UTR946995076243,2024-03-26,23:31:30,68040380973,Sunil Malik,ICICI Bank,32437664397,Manoj Tiwari,Kotak Mahindra Bank,7500,IMPS
TXN01267,UTR139144727349,2024-03-27,10:25:36,64162634588,Rajesh Sinha,SBI,35244533458,Sanjay Bhardwaj,Punjab National Bank,500,Cash Deposit
TXN00030,UTR727693168760,2024-03-27,16:25:16,68040380973,Sunil Malik,ICICI Bank,08198427361,Amit Verma,SBI,4000,IMPS
TXN00663,UTR312103412440,2024-03-27,20:18:53,18056893044,Ramesh Chandra Pandey,Punjab National Bank,71327117523,Ishita Bose,SBI,7500,UPI
TXN01364,UTR574869695636,2024-03-28,12:52:58,38708135078,Irfan Ali,Axis Bank,64281559570,Rohan Kapoor,HDFC Bank,1200,RTGS
TXN00315,UTR982826342964,2024-03-28,21:30:53,38037979360,Rohit Bansal,ICICI Bank,EXT082072761,Merchant/UPI Handle - Utility Payment,Payment Gateway,7500,NEFT
TXN01115,UTR412039133286,2024-03-29,19:36:07,93902439957,Aditya Rathore,Axis Bank,EXT082072761,Merchant/UPI Handle - Utility Payment,Payment Gateway,1200,IMPS
TXN00103,UTR317521352232,2024-03-29,20:29:52,EXT113160374,Employer Pvt Ltd - Salary A/c,HDFC Bank,55933722348,Vikas Tomar,ICICI Bank,35000,NEFT
TXN00654,UTR595327382343,2024-03-30,19:41:17,EXT113160374,Employer Pvt Ltd - Salary A/c,HDFC Bank,69705333835,Priya Singh,SBI,18000,NEFT
TXN00543,UTR102332631662,2024-03-30,20:30:29,EXT113160374,Employer Pvt Ltd - Salary A/c,HDFC Bank,44396022575,Chandu Meena,Axis Bank,60000,NEFT
TXN00873,UTR108711928427,2024-03-30,22:57:33,79909315319,Pranay Dutta Roy,Axis Bank,EXT082072761,Merchant/UPI Handle - Utility Payment,Payment Gateway,4000,UPI
TXN00113,UTR337189636139,2024-03-31,06:14:14,EXT113160374,Employer Pvt Ltd - Salary A/c,HDFC Bank,55933722348,Vikas Tomar,ICICI Bank,22000,NEFT
TXN01005,UTR830625491100,2024-03-31,08:19:15,EXT113160374,Employer Pvt Ltd - Salary A/c,HDFC Bank,64281559570,Rohan Kapoor,HDFC Bank,22000,NEFT
TXN00950,UTR355229818475,2024-03-31,09:22:55,EXT113160374,Employer Pvt Ltd - Salary A/c,HDFC Bank,41492355953,Arjun Mehta,ICICI Bank,45000,NEFT
TXN01207,UTR985890314930,2024-03-31,17:54:02,65117077513,Abid Khan,Kotak Mahindra Bank,EXT082072761,Merchant/UPI Handle - Utility Payment,Payment Gateway,7500,IMPS
TXN00401,UTR744237070241,2024-03-31,19:11:54,05606834229,Lakhan Singh Bhatti,SBI,EXT082072761,Merchant/UPI Handle - Utility Payment,Payment Gateway,1200,Cash Deposit
TXN00116,UTR333026802384,2024-04-01,07:12:07,EXT113160374,Employer Pvt Ltd - Salary A/c,HDFC Bank,42679916140,Imran Sheikh,HDFC Bank,35000,NEFT
TXN01299,UTR922306364421,2024-04-01,22:54:03,EXT113160374,Employer Pvt Ltd - Salary A/c,HDFC Bank,76092570588,Deepak Yadav,SBI,22000,NEFT
TXN00858,UTR484824233023,2024-04-02,10:24:02,EXT113160374,Employer Pvt Ltd - Salary A/c,HDFC Bank,94695183670,Vivek Malhotra,Axis Bank,22000,NEFT
TXN00597,UTR913708635903,2024-04-02,13:11:35,EXT113160374,Employer Pvt Ltd - Salary A/c,HDFC Bank,49471531912,Mahesh Chand Gupta,ICICI Bank,60000,NEFT
TXN01154,UTR759508171004,2024-04-02,21:22:33,09094330418,Karan Malhotra,HDFC Bank,54219677717,Deepak Chaudhary,ICICI Bank,1200,NEFT
TXN00015,UTR342731760099,2024-04-02,21:27:07,32412415786,Rakesh Kumar,SBI,35244533458,Sanjay Bhardwaj,Punjab National Bank,7500,Cash Deposit
TXN00816,UTR938362238327,2024-04-02,22:06:16,36247945967,Rekha Devi,Bank of Baroda,EXT082072761,Merchant/UPI Handle - Utility Payment,Payment Gateway,4000,IMPS
TXN00143,UTR497197099964,2024-04-03,10:19:28,EXT113160374,Employer Pvt Ltd - Salary A/c,HDFC Bank,54219677717,Deepak Chaudhary,ICICI Bank,22000,NEFT
TXN01256,UTR985782432929,2024-04-03,15:59:27,64162634588,Rajesh Sinha,SBI,43588299843,Kavya Reddy,HDFC Bank,500,IMPS
TXN00479,UTR513680217930,2024-04-03,16:12:50,90413217740,Pappu Solanki,Kotak Mahindra Bank,EXT082072761,Merchant/UPI Handle - Utility Payment,Payment Gateway,500,NEFT
TXN00650,UTR389537586882,2024-04-03,18:33:23,69705333835,Priya Singh,SBI,EXT082072761,Merchant/UPI Handle - Utility Payment,Payment Gateway,2500,Cash Withdrawal
TXN00054,UTR494761812743,2024-04-04,11:22:04,18633362450,Ajay Yadav,HDFC Bank,EXT082072761,Merchant/UPI Handle - Utility Payment,Payment Gateway,500,RTGS
TXN00294,UTR704941148384,2024-04-04,11:43:19,08198427361,Amit Verma,SBI,EXT082072761,Merchant/UPI Handle - Utility Payment,Payment Gateway,7500,Cash Deposit
TXN00433,UTR627879951228,2024-04-04,11:56:22,EXT113160374,Employer Pvt Ltd - Salary A/c,HDFC Bank,88481678051,Munna Tyagi,Punjab National Bank,18000,NEFT
TXN00812,UTR428569655642,2024-04-04,16:25:56,35244533458,Sanjay Bhardwaj,Punjab National Bank,EXT082072761,Merchant/UPI Handle - Utility Payment,Payment Gateway,2500,IMPS
TXN00275,UTR391531804604,2024-04-04,19:38:17,08198427361,Amit Verma,SBI,82760561101,Guddi Bai,SBI,2500,UPI
TXN00175,UTR728640035037,2024-04-04,23:46:23,EXT113160374,Employer Pvt Ltd - Salary A/c,HDFC Bank,43686792403,Salman Qureshi,SBI,45000,NEFT
TXN00056,UTR811092149759,2024-04-05,07:06:10,EXT113160374,Employer Pvt Ltd - Salary A/c,HDFC Bank,18633362450,Ajay Yadav,HDFC Bank,22000,NEFT
TXN01121,UTR317306683234,2024-04-05,07:11:35,EXT113160374,Employer Pvt Ltd - Salary A/c,HDFC Bank,71327117523,Ishita Bose,SBI,45000,NEFT
TXN00488,UTR728656280649,2024-04-05,07:46:22,90413217740,Pappu Solanki,Kotak Mahindra Bank,68040380973,Sunil Malik,ICICI Bank,500,IMPS
TXN00115,UTR514883342431,2024-04-05,20:42:06,42679916140,Imran Sheikh,HDFC Bank,41992454521,Anita Rani,Axis Bank,500,UPI
TXN00206,UTR652780764411,2024-04-05,21:19:04,65580053757,Kavita Devi,Bank of Baroda,EXT082072761,Merchant/UPI Handle - Utility Payment,Payment Gateway,4000,Cash Withdrawal
TXN00607,UTR411585281157,2024-04-05,22:51:36,EXT113160374,Employer Pvt Ltd - Salary A/c,HDFC Bank,49471531912,Mahesh Chand Gupta,ICICI Bank,60000,NEFT
TXN00846,UTR242803557403,2024-04-06,13:54:27,94695183670,Vivek Malhotra,Axis Bank,71327117523,Ishita Bose,SBI,2500,IMPS
TXN00374,UTR129546785125,2024-04-06,14:38:12,EXT113160374,Employer Pvt Ltd - Salary A/c,HDFC Bank,80450816830,Chhotu Ansari,SBI,45000,NEFT
TXN00369,UTR532123157864,2024-04-06,15:25:16,80450816830,Chhotu Ansari,SBI,09094330418,Karan Malhotra,HDFC Bank,2500,IMPS
TXN00367,UTR931203661668,2024-04-06,20:05:35,80450816830,Chhotu Ansari,SBI,EXT082072761,Merchant/UPI Handle - Utility Payment,Payment Gateway,500,UPI
TXN00440,UTR426797674008,2024-04-07,06:38:18,88481678051,Munna Tyagi,Punjab National Bank,38708135078,Irfan Ali,Axis Bank,1200,UPI
TXN01064,UTR971877213516,2024-04-07,12:38:32,86831863542,Neha Agarwal,Axis Bank,71327117523,Ishita Bose,SBI,4000,RTGS
TXN00268,UTR112073226719,2024-04-07,13:37:08,EXT113160374,Employer Pvt Ltd - Salary A/c,HDFC Bank,64733283579,Nikhil Sharma,Punjab National Bank,45000,NEFT
TXN00137,UTR331213873224,2024-04-07,17:03:35,EXT113160374,Employer Pvt Ltd - Salary A/c,HDFC Bank,54219677717,Deepak Chaudhary,ICICI Bank,35000,NEFT
TXN01360,UTR510707916327,2024-04-07,18:00:07,EXT113160374,Employer Pvt Ltd - Salary A/c,HDFC Bank,38708135078,Irfan Ali,Axis Bank,45000,NEFT
TXN00327,UTR915650031718,2024-04-07,23:17:23,38037979360,Rohit Bansal,ICICI Bank,EXT082072761,Merchant/UPI Handle - Utility Payment,Payment Gateway,4000,NEFT
TXN00259,UTR825234487950,2024-04-08,07:22:54,EXT113160374,Employer Pvt Ltd - Salary A/c,HDFC Bank,64733283579,Nikhil Sharma,Punjab National Bank,60000,NEFT
TXN00738,UTR196875444644,2024-04-08,15:54:40,78264257436,Naveen Kumar Sharma,SBI,EXT082072761,Merchant/UPI Handle - Utility Payment,Payment Gateway,1200,Cash Deposit
TXN01328,UTR539025715647,2024-04-08,17:30:03,76092570588,Deepak Yadav,SBI,42679916140,Imran Sheikh,HDFC Bank,4000,RTGS
TXN00826,UTR508718185572,2024-04-08,22:21:27,36247945967,Rekha Devi,Bank of Baroda,EXT082072761,Merchant/UPI Handle - Utility Payment,Payment Gateway,4000,UPI
TXN00142,UTR744767428651,2024-04-08,22:27:05,EXT113160374,Employer Pvt Ltd - Salary A/c,HDFC Bank,54219677717,Deepak Chaudhary,ICICI Bank,35000,NEFT
TXN00482,UTR589069586062,2024-04-08,23:51:35,EXT113160374,Employer Pvt Ltd - Salary A/c,HDFC Bank,90413217740,Pappu Solanki,Kotak Mahindra Bank,35000,NEFT
TXN00594,UTR305303852945,2024-04-09,06:45:11,EXT113160374,Employer Pvt Ltd - Salary A/c,HDFC Bank,49471531912,Mahesh Chand Gupta,ICICI Bank,35000,NEFT
TXN00326,UTR897237304746,2024-04-09,09:07:57,EXT113160374,Employer Pvt Ltd - Salary A/c,HDFC Bank,38037979360,Rohit Bansal,ICICI Bank,22000,NEFT
TXN00003,UTR347712538900,2024-04-09,19:06:57,32412415786,Rakesh Kumar,SBI,38037979360,Rohit Bansal,ICICI Bank,2500,NEFT
TXN00460,UTR961461535168,2024-04-10,12:04:45,EXT113160374,Employer Pvt Ltd - Salary A/c,HDFC Bank,90413217740,Pappu Solanki,Kotak Mahindra Bank,18000,NEFT
TXN00604,UTR114295106745,2024-04-10,18:06:14,EXT113160374,Employer Pvt Ltd - Salary A/c,HDFC Bank,49471531912,Mahesh Chand Gupta,ICICI Bank,35000,NEFT
TXN00961,UTR927894832934,2024-04-10,21:47:17,41492355953,Arjun Mehta,ICICI Bank,10884387334,Yash Chopra,Bank of Baroda,4000,NEFT
TXN00149,UTR551694542029,2024-04-10,22:49:10,EXT113160374,Employer Pvt Ltd - Salary A/c,HDFC Bank,54219677717,Deepak Chaudhary,ICICI Bank,60000,NEFT
TXN00664,UTR726431287600,2024-04-10,22:58:41,18056893044,Ramesh Chandra Pandey,Punjab National Bank,EXT082072761,Merchant/UPI Handle - Utility Payment,Payment Gateway,7500,NEFT
TXN01126,UTR798481178044,2024-04-11,12:31:37,71327117523,Ishita Bose,SBI,05606834229,Lakhan Singh Bhatti,SBI,1200,IMPS
TXN00411,UTR220372337260,2024-04-11,22:20:28,05606834229,Lakhan Singh Bhatti,SBI,41492355953,Arjun Mehta,ICICI Bank,2500,Cash Deposit
TXN01149,UTR603819655514,2024-04-11,22:48:21,EXT113160374,Employer Pvt Ltd - Salary A/c,HDFC Bank,09094330418,Karan Malhotra,HDFC Bank,45000,NEFT
TXN01061,UTR678149591047,2024-04-11,23:39:35,86831863542,Neha Agarwal,Axis Bank,88481678051,Munna Tyagi,Punjab National Bank,4000,Cash Deposit
TXN00874,UTR461121576599,2024-04-12,11:51:24,79909315319,Pranay Dutta Roy,Axis Bank,EXT082072761,Merchant/UPI Handle - Utility Payment,Payment Gateway,1200,IMPS
TXN01037,UTR576088966112,2024-04-13,12:39:41,EXT113160374,Employer Pvt Ltd - Salary A/c,HDFC Bank,86831863542,Neha Agarwal,Axis Bank,60000,NEFT
TXN00706,UTR194827147378,2024-04-13,18:33:36,EXT113160374,Employer Pvt Ltd - Salary A/c,HDFC Bank,41992454521,Anita Rani,Axis Bank,35000,NEFT
TXN00569,UTR397800239506,2024-04-13,21:03:27,24798510995,Rustam Ali,Bank of Baroda,EXT082072761,Merchant/UPI Handle - Utility Payment,Payment Gateway,500,Cash Deposit
TXN00995,UTR715303338349,2024-04-13,21:56:00,23680352646,Simran Kaur,Kotak Mahindra Bank,EXT082072761,Merchant/UPI Handle - Utility Payment,Payment Gateway,500,UPI
TXN00834,UTR809968294322,2024-04-14,13:38:19,EXT113160374,Employer Pvt Ltd - Salary A/c,HDFC Bank,36247945967,Rekha Devi,Bank of Baroda,45000,NEFT
TXN00989,UTR618356994528,2024-04-14,18:17:56,23680352646,Simran Kaur,Kotak Mahindra Bank,EXT082072761,Merchant/UPI Handle - Utility Payment,Payment Gateway,4000,IMPS
TXN00052,UTR720948719276,2024-04-14,22:37:26,68040380973,Sunil Malik,ICICI Bank,35059071685,Sunita Rawat,HDFC Bank,2500,RTGS
TXN01048,UTR991228469438,2024-04-14,23:28:51,86831863542,Neha Agarwal,Axis Bank,EXT082072761,Merchant/UPI Handle - Utility Payment,Payment Gateway,500,UPI
TXN00396,UTR457465805579,2024-04-15,11:53:54,05606834229,Lakhan Singh Bhatti,SBI,EXT082072761,Merchant/UPI Handle - Utility Payment,Payment Gateway,500,UPI
TXN00041,UTR500436195779,2024-04-15,12:58:16,EXT113160374,Employer Pvt Ltd - Salary A/c,HDFC Bank,68040380973,Sunil Malik,ICICI Bank,60000,NEFT
TXN00199,UTR560391536960,2024-04-15,12:59:02,65580053757,Kavita Devi,Bank of Baroda,EXT082072761,Merchant/UPI Handle - Utility Payment,Payment Gateway,2500,Cash Deposit
TXN00299,UTR293015775802,2024-04-15,13:45:38,08198427361,Amit Verma,SBI,68040380973,Sunil Malik,ICICI Bank,4000,NEFT
TXN01128,UTR292843888826,2024-04-15,15:29:51,71327117523,Ishita Bose,SBI,32412415786,Rakesh Kumar,SBI,7500,NEFT
TXN00603,UTR484603626661,2024-04-15,15:34:54,EXT113160374,Employer Pvt Ltd - Salary A/c,HDFC Bank,49471531912,Mahesh Chand Gupta,ICICI Bank,18000,NEFT
TXN00069,UTR249895604099,2024-04-15,22:57:32,EXT113160374,Employer Pvt Ltd - Salary A/c,HDFC Bank,18633362450,Ajay Yadav,HDFC Bank,35000,NEFT
TXN00688,UTR146914466242,2024-04-16,09:42:46,41992454521,Anita Rani,Axis Bank,EXT082072761,Merchant/UPI Handle - Utility Payment,Payment Gateway,2500,IMPS
TXN01155,UTR420684644985,2024-04-16,14:40:01,09094330418,Karan Malhotra,HDFC Bank,EXT082072761,Merchant/UPI Handle - Utility Payment,Payment Gateway,4000,IMPS
TXN01265,UTR108160850333,2024-04-17,08:17:02,64162634588,Rajesh Sinha,SBI,80450816830,Chhotu Ansari,SBI,500,RTGS
TXN00204,UTR333782108636,2024-04-17,09:24:13,65580053757,Kavita Devi,Bank of Baroda,23680352646,Simran Kaur,Kotak Mahindra Bank,1200,NEFT
TXN01382,UTR181149095807,2024-04-17,12:58:12,68815550998,Poonam Chawla,Punjab National Bank,EXT082072761,Merchant/UPI Handle - Utility Payment,Payment Gateway,1200,IMPS
TXN00167,UTR820645485072,2024-04-17,13:58:53,54219677717,Deepak Chaudhary,ICICI Bank,41492355953,Arjun Mehta,ICICI Bank,7500,NEFT
TXN00523,UTR177549381420,2024-04-17,21:14:56,EXT113160374,Employer Pvt Ltd - Salary A/c,HDFC Bank,82760561101,Guddi Bai,SBI,45000,NEFT
TXN00046,UTR642423413200,2024-04-18,06:29:58,EXT113160374,Employer Pvt Ltd - Salary A/c,HDFC Bank,68040380973,Sunil Malik,ICICI Bank,35000,NEFT
TXN00842,UTR521330380941,2024-04-18,09:30:21,94695183670,Vivek Malhotra,Axis Bank,10884387334,Yash Chopra,Bank of Baroda,500,Cash Deposit
TXN00349,UTR409203719742,2024-04-18,09:47:18,80450816830,Chhotu Ansari,SBI,EXT082072761,Merchant/UPI Handle - Utility Payment,Payment Gateway,500,UPI
TXN01055,UTR619259145080,2024-04-18,16:22:03,86831863542,Neha Agarwal,Axis Bank,05606834229,Lakhan Singh Bhatti,SBI,500,RTGS
TXN00979,UTR625390553244,2024-04-19,06:40:04,23680352646,Simran Kaur,Kotak Mahindra Bank,EXT082072761,Merchant/UPI Handle - Utility Payment,Payment Gateway,4000,RTGS
TXN00161,UTR522772551595,2024-04-19,08:00:56,EXT113160374,Employer Pvt Ltd - Salary A/c,HDFC Bank,54219677717,Deepak Chaudhary,ICICI Bank,60000,NEFT
TXN01441,UTR360744942155,2024-04-19,09:25:38,54219677717,Deepak Chaudhary,ICICI Bank,65580053757,Kavita Devi,Bank of Baroda,40000,Cash Deposit
TXN01395,UTR108980116851,2024-04-19,11:40:47,68815550998,Poonam Chawla,Punjab National Bank,EXT082072761,Merchant/UPI Handle - Utility Payment,Payment Gateway,2500,RTGS
TXN00263,UTR620764974409,2024-04-19,15:15:30,64733283579,Nikhil Sharma,Punjab National Bank,EXT082072761,Merchant/UPI Handle - Utility Payment,Payment Gateway,2500,Cash Deposit
TXN00245,UTR817157405528,2024-04-19,20:44:22,64733283579,Nikhil Sharma,Punjab National Bank,EXT082072761,Merchant/UPI Handle - Utility Payment,Payment Gateway,1200,UPI
TXN00035,UTR416716903688,2024-04-20,06:42:07,68040380973,Sunil Malik,ICICI Bank,88481678051,Munna Tyagi,Punjab National Bank,2500,IMPS
TXN00638,UTR609902595342,2024-04-20,07:02:49,69705333835,Priya Singh,SBI,EXT082072761,Merchant/UPI Handle - Utility Payment,Payment Gateway,4000,Cash Withdrawal
TXN00437,UTR732577892829,2024-04-20,07:19:12,88481678051,Munna Tyagi,Punjab National Bank,EXT082072761,Merchant/UPI Handle - Utility Payment,Payment Gateway,2500,UPI
TXN01445,UTR498722994761,2024-04-20,07:39:37,65580053757,Kavita Devi,Bank of Baroda,79909315319,Pranay Dutta Roy,Axis Bank,8016,UPI
TXN00353,UTR872078754940,2024-04-20,10:58:12,80450816830,Chhotu Ansari,SBI,24798510995,Rustam Ali,Bank of Baroda,500,IMPS
TXN00027,UTR962051601250,2024-04-20,11:00:03,68040380973,Sunil Malik,ICICI Bank,65117077513,Abid Khan,Kotak Mahindra Bank,4000,NEFT
TXN00652,UTR454275877764,2024-04-20,21:17:11,69705333835,Priya Singh,SBI,EXT082072761,Merchant/UPI Handle - Utility Payment,Payment Gateway,2500,RTGS
TXN00097,UTR277755326821,2024-04-20,23:11:08,EXT113160374,Employer Pvt Ltd - Salary A/c,HDFC Bank,55933722348,Vikas Tomar,ICICI Bank,22000,NEFT
TXN00236,UTR931148657003,2024-04-20,23:44:13,64733283579,Nikhil Sharma,Punjab National Bank,EXT082072761,Merchant/UPI Handle - Utility Payment,Payment Gateway,1200,IMPS
TXN00996,UTR884801779246,2024-04-21,06:25:33,64281559570,Rohan Kapoor,HDFC Bank,75073462726,Meera Nair,ICICI Bank,1200,NEFT
TXN01332,UTR282340725683,2024-04-21,08:16:27,76092570588,Deepak Yadav,SBI,36247945967,Rekha Devi,Bank of Baroda,2500,RTGS
TXN00492,UTR339542957161,2024-04-21,15:05:26,90413217740,Pappu Solanki,Kotak Mahindra Bank,65580053757,Kavita Devi,Bank of Baroda,500,Cash Withdrawal
TXN01211,UTR787713337995,2024-04-21,18:08:49,EXT113160374,Employer Pvt Ltd - Salary A/c,HDFC Bank,65117077513,Abid Khan,Kotak Mahindra Bank,18000,NEFT
TXN01111,UTR804074837427,2024-04-21,21:21:43,EXT113160374,Employer Pvt Ltd - Salary A/c,HDFC Bank,93902439957,Aditya Rathore,Axis Bank,45000,NEFT
TXN00005,UTR728006817867,2024-04-21,22:59:20,32412415786,Rakesh Kumar,SBI,EXT082072761,Merchant/UPI Handle - Utility Payment,Payment Gateway,4000,Cash Withdrawal
TXN00829,UTR373938775611,2024-04-22,08:54:54,36247945967,Rekha Devi,Bank of Baroda,EXT082072761,Merchant/UPI Handle - Utility Payment,Payment Gateway,4000,IMPS
TXN00915,UTR493237412570,2024-04-22,14:33:56,43588299843,Kavya Reddy,HDFC Bank,EXT082072761,Merchant/UPI Handle - Utility Payment,Payment Gateway,7500,Cash Withdrawal
TXN01127,UTR442567566652,2024-04-22,14:56:35,71327117523,Ishita Bose,SBI,08198427361,Amit Verma,SBI,4000,RTGS
TXN01444,UTR369038516820,2024-04-22,20:32:09,65580053757,Kavita Devi,Bank of Baroda,76092570588,Deepak Yadav,SBI,11094,UPI
TXN01442,UTR815695248411,2024-04-22,23:43:39,65580053757,Kavita Devi,Bank of Baroda,35059071685,Sunita Rawat,HDFC Bank,10098,UPI
TXN00960,UTR183750967376,2024-04-23,08:58:48,41492355953,Arjun Mehta,ICICI Bank,52365451928,Farhana Begum,Kotak Mahindra Bank,7500,Cash Deposit
TXN01284,UTR636370680483,2024-04-23,13:36:01,52365451928,Farhana Begum,Kotak Mahindra Bank,71327117523,Ishita Bose,SBI,2500,UPI
TXN00491,UTR870859588809,2024-04-23,19:57:25,90413217740,Pappu Solanki,Kotak Mahindra Bank,EXT082072761,Merchant/UPI Handle - Utility Payment,Payment Gateway,2500,NEFT
TXN00082,UTR595923259369,2024-04-23,21:53:32,EXT113160374,Employer Pvt Ltd - Salary A/c,HDFC Bank,55933722348,Vikas Tomar,ICICI Bank,18000,NEFT
TXN00920,UTR223081726742,2024-04-24,07:45:57,43588299843,Kavya Reddy,HDFC Bank,EXT082072761,Merchant/UPI Handle - Utility Payment,Payment Gateway,2500,Cash Withdrawal
TXN00418,UTR215264788736,2024-04-24,15:57:17,EXT113160374,Employer Pvt Ltd - Salary A/c,HDFC Bank,05606834229,Lakhan Singh Bhatti,SBI,45000,NEFT
TXN00450,UTR777243976275,2024-04-24,22:48:01,88481678051,Munna Tyagi,Punjab National Bank,EXT082072761,Merchant/UPI Handle - Utility Payment,Payment Gateway,1200,IMPS
TXN00863,UTR584969199867,2024-04-25,07:24:25,94695183670,Vivek Malhotra,Axis Bank,EXT082072761,Merchant/UPI Handle - Utility Payment,Payment Gateway,2500,UPI
TXN01443,UTR418750759117,2024-04-25,10:37:46,65580053757,Kavita Devi,Bank of Baroda,71327117523,Ishita Bose,SBI,8878,UPI
TXN00718,UTR161793367326,2024-04-25,14:17:00,78264257436,Naveen Kumar Sharma,SBI,EXT082072761,Merchant/UPI Handle - Utility Payment,Payment Gateway,4000,NEFT
TXN00804,UTR979173907555,2024-04-25,19:01:03,EXT113160374,Employer Pvt Ltd - Salary A/c,HDFC Bank,35244533458,Sanjay Bhardwaj,Punjab National Bank,22000,NEFT
TXN00031,UTR214085372725,2024-04-25,20:00:28,EXT113160374,Employer Pvt Ltd - Salary A/c,HDFC Bank,68040380973,Sunil Malik,ICICI Bank,45000,NEFT
TXN01125,UTR106129794365,2024-04-25,21:39:31,71327117523,Ishita Bose,SBI,EXT082072761,Merchant/UPI Handle - Utility Payment,Payment Gateway,1200,Cash Withdrawal
TXN00558,UTR423067556002,2024-04-26,07:59:12,44396022575,Chandu Meena,Axis Bank,38708135078,Irfan Ali,Axis Bank,500,RTGS
TXN00163,UTR833103988842,2024-04-26,14:34:25,54219677717,Deepak Chaudhary,ICICI Bank,EXT082072761,Merchant/UPI Handle - Utility Payment,Payment Gateway,2500,UPI
TXN00551,UTR288883061213,2024-04-26,17:16:02,44396022575,Chandu Meena,Axis Bank,EXT082072761,Merchant/UPI Handle - Utility Payment,Payment Gateway,1200,UPI
TXN01133,UTR612020314339,2024-04-26,20:01:10,71327117523,Ishita Bose,SBI,EXT082072761,Merchant/UPI Handle - Utility Payment,Payment Gateway,500,Cash Withdrawal
TXN00822,UTR613633611547,2024-04-26,20:46:46,36247945967,Rekha Devi,Bank of Baroda,52365451928,Farhana Begum,Kotak Mahindra Bank,2500,Cash Withdrawal
TXN01314,UTR226023034259,2024-04-27,10:16:25,76092570588,Deepak Yadav,SBI,18633362450,Ajay Yadav,HDFC Bank,500,IMPS
TXN00187,UTR815452312572,2024-04-27,13:13:07,43686792403,Salman Qureshi,SBI,EXT082072761,Merchant/UPI Handle - Utility Payment,Payment Gateway,4000,IMPS
TXN00983,UTR628671934353,2024-04-27,13:16:19,EXT113160374,Employer Pvt Ltd - Salary A/c,HDFC Bank,23680352646,Simran Kaur,Kotak Mahindra Bank,22000,NEFT
TXN00565,UTR687016297786,2024-04-27,17:39:54,24798510995,Rustam Ali,Bank of Baroda,EXT082072761,Merchant/UPI Handle - Utility Payment,Payment Gateway,1200,RTGS
TXN01463,UTR834520365573,2024-04-27,19:53:27,43686792403,Salman Qureshi,SBI,65580053757,Kavita Devi,Bank of Baroda,40000,Cash Deposit
TXN00321,UTR472531829535,2024-04-27,23:22:55,EXT113160374,Employer Pvt Ltd - Salary A/c,HDFC Bank,38037979360,Rohit Bansal,ICICI Bank,18000,NEFT
TXN01161,UTR957104388850,2024-04-28,10:56:31,09094330418,Karan Malhotra,HDFC Bank,EXT082072761,Merchant/UPI Handle - Utility Payment,Payment Gateway,500,NEFT
TXN01465,UTR159062183392,2024-04-28,12:06:40,65580053757,Kavita Devi,Bank of Baroda,10884387334,Yash Chopra,Bank of Baroda,9360,UPI
TXN00904,UTR783045522950,2024-04-28,12:58:09,EXT113160374,Employer Pvt Ltd - Salary A/c,HDFC Bank,79909315319,Pranay Dutta Roy,Axis Bank,35000,NEFT
TXN01243,UTR908772808663,2024-04-28,21:43:00,64162634588,Rajesh Sinha,SBI,EXT082072761,Merchant/UPI Handle - Utility Payment,Payment Gateway,4000,UPI
TXN00697,UTR524263997673,2024-04-29,07:11:30,41992454521,Anita Rani,Axis Bank,43686792403,Salman Qureshi,SBI,1200,UPI
TXN00407,UTR194648368293,2024-04-29,09:04:56,05606834229,Lakhan Singh Bhatti,SBI,EXT082072761,Merchant/UPI Handle - Utility Payment,Payment Gateway,500,Cash Deposit
TXN01067,UTR548025119152,2024-04-29,16:48:46,99323421683,Tanvi Joshi,HDFC Bank,EXT082072761,Merchant/UPI Handle - Utility Payment,Payment Gateway,500,NEFT
TXN01148,UTR355890126549,2024-04-30,06:04:04,EXT113160374,Employer Pvt Ltd - Salary A/c,HDFC Bank,09094330418,Karan Malhotra,HDFC Bank,60000,NEFT
TXN01311,UTR297454081797,2024-04-30,08:28:14,EXT113160374,Employer Pvt Ltd - Salary A/c,HDFC Bank,76092570588,Deepak Yadav,SBI,60000,NEFT
TXN00363,UTR477982026992,2024-04-30,08:44:17,80450816830,Chhotu Ansari,SBI,EXT082072761,Merchant/UPI Handle - Utility Payment,Payment Gateway,4000,UPI
TXN01467,UTR104453884121,2024-04-30,08:50:02,65580053757,Kavita Devi,Bank of Baroda,23680352646,Simran Kaur,Kotak Mahindra Bank,12496,UPI
TXN01464,UTR708283972764,2024-04-30,15:26:49,65580053757,Kavita Devi,Bank of Baroda,65117077513,Abid Khan,Kotak Mahindra Bank,10413,UPI
TXN01194,UTR423422730491,2024-04-30,16:51:02,EXT113160374,Employer Pvt Ltd - Salary A/c,HDFC Bank,10884387334,Yash Chopra,Bank of Baroda,35000,NEFT
TXN00347,UTR783961540832,2024-04-30,20:35:48,80450816830,Chhotu Ansari,SBI,68040380973,Sunil Malik,ICICI Bank,4000,Cash Deposit
TXN00017,UTR855053955553,2024-04-30,22:56:03,32412415786,Rakesh Kumar,SBI,36247945967,Rekha Devi,Bank of Baroda,1200,RTGS
TXN00499,UTR983970752854,2024-05-01,06:17:32,EXT113160374,Employer Pvt Ltd - Salary A/c,HDFC Bank,82760561101,Guddi Bai,SBI,35000,NEFT
TXN01466,UTR559159278253,2024-05-01,06:57:07,65580053757,Kavita Devi,Bank of Baroda,43588299843,Kavya Reddy,HDFC Bank,7731,UPI
TXN00343,UTR895613487288,2024-05-01,16:41:20,16568651026,Bhola Prasad,ICICI Bank,05606834229,Lakhan Singh Bhatti,SBI,500,NEFT
TXN00627,UTR629803344708,2024-05-01,22:35:50,68826141830,Suresh Kumar Jain,Axis Bank,EXT082072761,Merchant/UPI Handle - Utility Payment,Payment Gateway,7500,Cash Withdrawal
TXN00737,UTR282649111779,2024-05-01,22:42:11,78264257436,Naveen Kumar Sharma,SBI,EXT082072761,Merchant/UPI Handle - Utility Payment,Payment Gateway,7500,Cash Deposit
TXN01196,UTR169545129090,2024-05-02,13:17:38,10884387334,Yash Chopra,Bank of Baroda,78264257436,Naveen Kumar Sharma,SBI,500,UPI
TXN00233,UTR439461975182,2024-05-02,21:43:57,65580053757,Kavita Devi,Bank of Baroda,78264257436,Naveen Kumar Sharma,SBI,1200,Cash Withdrawal
TXN00766,UTR981731231934,2024-05-03,08:52:58,44760461844,Farhan Ahmed,Punjab National Bank,EXT082072761,Merchant/UPI Handle - Utility Payment,Payment Gateway,4000,NEFT
TXN01174,UTR268236034433,2024-05-03,09:41:09,75073462726,Meera Nair,ICICI Bank,EXT082072761,Merchant/UPI Handle - Utility Payment,Payment Gateway,500,IMPS
TXN00795,UTR592995976526,2024-05-03,11:34:43,35244533458,Sanjay Bhardwaj,Punjab National Bank,EXT082072761,Merchant/UPI Handle - Utility Payment,Payment Gateway,2500,IMPS
TXN00927,UTR119235810965,2024-05-04,08:52:57,41492355953,Arjun Mehta,ICICI Bank,EXT082072761,Merchant/UPI Handle - Utility Payment,Payment Gateway,500,Cash Deposit
TXN00660,UTR626063459349,2024-05-04,12:11:42,69705333835,Priya Singh,SBI,EXT082072761,Merchant/UPI Handle - Utility Payment,Payment Gateway,1200,IMPS
TXN01420,UTR396847409150,2024-05-04,18:00:32,18633362450,Ajay Yadav,HDFC Bank,55933722348,Vikas Tomar,ICICI Bank,15000,Cash Deposit
TXN01119,UTR865691235118,2024-05-04,18:32:52,71327117523,Ishita Bose,SBI,EXT082072761,Merchant/UPI Handle - Utility Payment,Payment Gateway,7500,RTGS
TXN01105,UTR982090352530,2024-05-05,08:42:40,93902439957,Aditya Rathore,Axis Bank,EXT082072761,Merchant/UPI Handle - Utility Payment,Payment Gateway,1200,NEFT
TXN00975,UTR180263508267,2024-05-05,10:14:26,23680352646,Simran Kaur,Kotak Mahindra Bank,41492355953,Arjun Mehta,ICICI Bank,2500,UPI
TXN00200,UTR691315158202,2024-05-05,13:15:02,65580053757,Kavita Devi,Bank of Baroda,EXT082072761,Merchant/UPI Handle - Utility Payment,Payment Gateway,4000,Cash Deposit
TXN01030,UTR759739664562,2024-05-05,16:31:16,64281559570,Rohan Kapoor,HDFC Bank,08198427361,Amit Verma,SBI,4000,IMPS
TXN01335,UTR289109101468,2024-05-06,11:28:23,EXT113160374,Employer Pvt Ltd - Salary A/c,HDFC Bank,35059071685,Sunita Rawat,HDFC Bank,60000,NEFT
TXN00498,UTR760050646389,2024-05-06,12:25:21,EXT113160374,Employer Pvt Ltd - Salary A/c,HDFC Bank,82760561101,Guddi Bai,SBI,18000,NEFT
TXN00554,UTR480931878820,2024-05-06,15:11:04,EXT113160374,Employer Pvt Ltd - Salary A/c,HDFC Bank,44396022575,Chandu Meena,Axis Bank,18000,NEFT
TXN00803,UTR972348305247,2024-05-06,23:12:37,35244533458,Sanjay Bhardwaj,Punjab National Bank,EXT082072761,Merchant/UPI Handle - Utility Payment,Payment Gateway,7500,RTGS
TXN00436,UTR716136423538,2024-05-07,07:28:17,88481678051,Munna Tyagi,Punjab National Bank,EXT082072761,Merchant/UPI Handle - Utility Payment,Payment Gateway,1200,Cash Withdrawal
TXN00586,UTR956655138294,2024-05-07,09:34:57,EXT113160374,Employer Pvt Ltd - Salary A/c,HDFC Bank,24798510995,Rustam Ali,Bank of Baroda,22000,NEFT
TXN01237,UTR785749508639,2024-05-07,18:06:42,EXT113160374,Employer Pvt Ltd - Salary A/c,HDFC Bank,64162634588,Rajesh Sinha,SBI,45000,NEFT
TXN00067,UTR737430004557,2024-05-07,19:03:32,18633362450,Ajay Yadav,HDFC Bank,EXT082072761,Merchant/UPI Handle - Utility Payment,Payment Gateway,500,UPI
TXN00984,UTR159297949331,2024-05-08,06:14:19,23680352646,Simran Kaur,Kotak Mahindra Bank,EXT082072761,Merchant/UPI Handle - Utility Payment,Payment Gateway,1200,RTGS
TXN00827,UTR792370074991,2024-05-08,09:55:57,36247945967,Rekha Devi,Bank of Baroda,EXT082072761,Merchant/UPI Handle - Utility Payment,Payment Gateway,1200,Cash Deposit
TXN01421,UTR204707674186,2024-05-08,10:40:35,55933722348,Vikas Tomar,ICICI Bank,32412415786,Rakesh Kumar,SBI,3000,Cash Deposit
TXN00656,UTR541429168627,2024-05-09,07:05:01,EXT113160374,Employer Pvt Ltd - Salary A/c,HDFC Bank,69705333835,Priya Singh,SBI,60000,NEFT
TXN00394,UTR238501913402,2024-05-09,07:34:34,EXT113160374,Employer Pvt Ltd - Salary A/c,HDFC Bank,05606834229,Lakhan Singh Bhatti,SBI,18000,NEFT
TXN00941,UTR929998107891,2024-05-09,11:07:46,EXT113160374,Employer Pvt Ltd - Salary A/c,HDFC Bank,41492355953,Arjun Mehta,ICICI Bank,35000,NEFT
TXN01143,UTR175195453379,2024-05-09,12:32:03,09094330418,Karan Malhotra,HDFC Bank,36247945967,Rekha Devi,Bank of Baroda,2500,IMPS
TXN01022,UTR469985593726,2024-05-09,20:11:37,64281559570,Rohan Kapoor,HDFC Bank,71327117523,Ishita Bose,SBI,1200,Cash Withdrawal
TXN00102,UTR713563729987,2024-05-09,20:50:44,55933722348,Vikas Tomar,ICICI Bank,52365451928,Farhana Begum,Kotak Mahindra Bank,4000,RTGS
TXN00320,UTR748914863372,2024-05-10,13:01:45,38037979360,Rohit Bansal,ICICI Bank,79909315319,Pranay Dutta Roy,Axis Bank,2500,Cash Deposit
TXN00621,UTR682080177607,2024-05-10,21:41:12,68826141830,Suresh Kumar Jain,Axis Bank,EXT082072761,Merchant/UPI Handle - Utility Payment,Payment Gateway,500,RTGS
TXN00792,UTR623105898007,2024-05-11,12:04:17,35244533458,Sanjay Bhardwaj,Punjab National Bank,EXT082072761,Merchant/UPI Handle - Utility Payment,Payment Gateway,2500,IMPS
TXN00818,UTR460480218608,2024-05-12,07:04:39,36247945967,Rekha Devi,Bank of Baroda,EXT082072761,Merchant/UPI Handle - Utility Payment,Payment Gateway,500,Cash Withdrawal
TXN00370,UTR249980652741,2024-05-12,07:51:18,80450816830,Chhotu Ansari,SBI,EXT082072761,Merchant/UPI Handle - Utility Payment,Payment Gateway,1200,Cash Deposit
TXN01193,UTR513352081668,2024-05-12,08:11:52,EXT113160374,Employer Pvt Ltd - Salary A/c,HDFC Bank,10884387334,Yash Chopra,Bank of Baroda,18000,NEFT
TXN00711,UTR594193837871,2024-05-12,09:30:15,EXT113160374,Employer Pvt Ltd - Salary A/c,HDFC Bank,41992454521,Anita Rani,Axis Bank,35000,NEFT
TXN00749,UTR145157820160,2024-05-12,14:12:26,78264257436,Naveen Kumar Sharma,SBI,EXT082072761,Merchant/UPI Handle - Utility Payment,Payment Gateway,2500,IMPS
TXN00287,UTR978976471904,2024-05-12,14:12:32,EXT113160374,Employer Pvt Ltd - Salary A/c,HDFC Bank,08198427361,Amit Verma,SBI,35000,NEFT
TXN00393,UTR835458777040,2024-05-13,06:09:06,05606834229,Lakhan Singh Bhatti,SBI,EXT082072761,Merchant/UPI Handle - Utility Payment,Payment Gateway,500,UPI
TXN00799,UTR581106607940,2024-05-13,12:53:51,35244533458,Sanjay Bhardwaj,Punjab National Bank,43588299843,Kavya Reddy,HDFC Bank,4000,RTGS
TXN00451,UTR149741160526,2024-05-13,18:21:30,88481678051,Munna Tyagi,Punjab National Bank,EXT082072761,Merchant/UPI Handle - Utility Payment,Payment Gateway,2500,NEFT
TXN01158,UTR327110579305,2024-05-13,19:22:11,09094330418,Karan Malhotra,HDFC Bank,32437664397,Manoj Tiwari,Kotak Mahindra Bank,500,IMPS
TXN00185,UTR473322872735,2024-05-14,07:04:18,43686792403,Salman Qureshi,SBI,18633362450,Ajay Yadav,HDFC Bank,7500,NEFT
TXN01366,UTR237458434194,2024-05-14,10:49:30,38708135078,Irfan Ali,Axis Bank,EXT082072761,Merchant/UPI Handle - Utility Payment,Payment Gateway,2500,RTGS
TXN00475,UTR302272711892,2024-05-14,13:42:34,90413217740,Pappu Solanki,Kotak Mahindra Bank,EXT082072761,Merchant/UPI Handle - Utility Payment,Payment Gateway,2500,NEFT
TXN00159,UTR678304620301,2024-05-14,16:49:13,EXT113160374,Employer Pvt Ltd - Salary A/c,HDFC Bank,54219677717,Deepak Chaudhary,ICICI Bank,45000,NEFT
TXN01060,UTR836439790793,2024-05-14,22:19:55,86831863542,Neha Agarwal,Axis Bank,68040380973,Sunil Malik,ICICI Bank,2500,Cash Withdrawal
TXN01014,UTR133734857594,2024-05-15,06:07:10,64281559570,Rohan Kapoor,HDFC Bank,EXT082072761,Merchant/UPI Handle - Utility Payment,Payment Gateway,7500,NEFT
TXN00905,UTR599313438323,2024-05-15,07:21:47,43588299843,Kavya Reddy,HDFC Bank,68815550998,Poonam Chawla,Punjab National Bank,7500,Cash Deposit
TXN01319,UTR997893473071,2024-05-15,11:36:01,76092570588,Deepak Yadav,SBI,49471531912,Mahesh Chand Gupta,ICICI Bank,4000,UPI
TXN00761,UTR524153773217,2024-05-15,16:11:13,EXT113160374,Employer Pvt Ltd - Salary A/c,HDFC Bank,44760461844,Farhan Ahmed,Punjab National Bank,22000,NEFT
TXN00009,UTR362791031832,2024-05-15,19:03:13,32412415786,Rakesh Kumar,SBI,EXT082072761,Merchant/UPI Handle - Utility Payment,Payment Gateway,1200,NEFT
TXN01069,UTR712504685250,2024-05-15,22:34:41,EXT113160374,Employer Pvt Ltd - Salary A/c,HDFC Bank,99323421683,Tanvi Joshi,HDFC Bank,60000,NEFT
TXN00859,UTR506350804733,2024-05-16,12:21:35,94695183670,Vivek Malhotra,Axis Bank,49471531912,Mahesh Chand Gupta,ICICI Bank,1200,IMPS
TXN00331,UTR405288358605,2024-05-16,17:10:37,EXT113160374,Employer Pvt Ltd - Salary A/c,HDFC Bank,16568651026,Bhola Prasad,ICICI Bank,35000,NEFT
TXN01205,UTR627991196762,2024-05-16,17:54:07,EXT113160374,Employer Pvt Ltd - Salary A/c,HDFC Bank,65117077513,Abid Khan,Kotak Mahindra Bank,35000,NEFT
TXN00504,UTR826949581443,2024-05-16,20:40:56,82760561101,Guddi Bai,SBI,EXT082072761,Merchant/UPI Handle - Utility Payment,Payment Gateway,7500,Cash Withdrawal
TXN00939,UTR308922801723,2024-05-17,09:07:01,41492355953,Arjun Mehta,ICICI Bank,43588299843,Kavya Reddy,HDFC Bank,4000,Cash Deposit
TXN01404,UTR372304730081,2024-05-17,09:32:13,32437664397,Manoj Tiwari,Kotak Mahindra Bank,EXT082072761,Merchant/UPI Handle - Utility Payment,Payment Gateway,1200,UPI
TXN01081,UTR226405316607,2024-05-17,10:52:35,99323421683,Tanvi Joshi,HDFC Bank,68815550998,Poonam Chawla,Punjab National Bank,4000,RTGS
TXN01269,UTR926461332857,2024-05-17,23:11:11,EXT113160374,Employer Pvt Ltd - Salary A/c,HDFC Bank,52365451928,Farhana Begum,Kotak Mahindra Bank,22000,NEFT
TXN00768,UTR645010037265,2024-05-18,06:11:35,44760461844,Farhan Ahmed,Punjab National Bank,EXT082072761,Merchant/UPI Handle - Utility Payment,Payment Gateway,7500,NEFT
TXN01002,UTR199627193945,2024-05-18,09:44:00,EXT113160374,Employer Pvt Ltd - Salary A/c,HDFC Bank,64281559570,Rohan Kapoor,HDFC Bank,45000,NEFT
TXN00562,UTR714518308435,2024-05-19,07:28:46,24798510995,Rustam Ali,Bank of Baroda,EXT082072761,Merchant/UPI Handle - Utility Payment,Payment Gateway,1200,RTGS
TXN00453,UTR778121193338,2024-05-19,14:24:09,88481678051,Munna Tyagi,Punjab National Bank,38708135078,Irfan Ali,Axis Bank,500,UPI
TXN01007,UTR934728882675,2024-05-19,14:41:41,EXT113160374,Employer Pvt Ltd - Salary A/c,HDFC Bank,64281559570,Rohan Kapoor,HDFC Bank,35000,NEFT
TXN00237,UTR662154875528,2024-05-19,15:40:28,64733283579,Nikhil Sharma,Punjab National Bank,EXT082072761,Merchant/UPI Handle - Utility Payment,Payment Gateway,500,Cash Withdrawal
TXN00860,UTR568275070559,2024-05-19,17:21:33,EXT113160374,Employer Pvt Ltd - Salary A/c,HDFC Bank,94695183670,Vivek Malhotra,Axis Bank,35000,NEFT
TXN00963,UTR154507657848,2024-05-20,09:04:29,EXT113160374,Employer Pvt Ltd - Salary A/c,HDFC Bank,23680352646,Simran Kaur,Kotak Mahindra Bank,45000,NEFT
TXN00201,UTR527263897774,2024-05-20,16:47:13,65580053757,Kavita Devi,Bank of Baroda,EXT082072761,Merchant/UPI Handle - Utility Payment,Payment Gateway,7500,Cash Withdrawal
TXN00040,UTR296141448054,2024-05-20,18:00:20,68040380973,Sunil Malik,ICICI Bank,EXT082072761,Merchant/UPI Handle - Utility Payment,Payment Gateway,1200,NEFT
TXN00591,UTR211814069483,2024-05-20,18:19:29,EXT113160374,Employer Pvt Ltd - Salary A/c,HDFC Bank,49471531912,Mahesh Chand Gupta,ICICI Bank,18000,NEFT
TXN00140,UTR442967718055,2024-05-21,06:07:22,54219677717,Deepak Chaudhary,ICICI Bank,55933722348,Vikas Tomar,ICICI Bank,500,Cash Withdrawal
TXN00823,UTR859067596860,2024-05-21,21:03:39,36247945967,Rekha Devi,Bank of Baroda,44760461844,Farhan Ahmed,Punjab National Bank,7500,Cash Deposit
TXN00694,UTR911525251779,2024-05-21,21:25:00,EXT113160374,Employer Pvt Ltd - Salary A/c,HDFC Bank,41992454521,Anita Rani,Axis Bank,35000,NEFT
TXN00505,UTR458980917923,2024-05-21,23:30:46,EXT113160374,Employer Pvt Ltd - Salary A/c,HDFC Bank,82760561101,Guddi Bai,SBI,18000,NEFT
TXN00651,UTR591403978689,2024-05-22,14:24:48,69705333835,Priya Singh,SBI,71327117523,Ishita Bose,SBI,500,IMPS
TXN00972,UTR445289193167,2024-05-23,08:33:02,23680352646,Simran Kaur,Kotak Mahindra Bank,78264257436,Naveen Kumar Sharma,SBI,7500,Cash Deposit
TXN00094,UTR386641408384,2024-05-23,15:29:14,55933722348,Vikas Tomar,ICICI Bank,EXT082072761,Merchant/UPI Handle - Utility Payment,Payment Gateway,4000,Cash Withdrawal
TXN00402,UTR403287689619,2024-05-23,20:58:00,05606834229,Lakhan Singh Bhatti,SBI,99323421683,Tanvi Joshi,HDFC Bank,2500,Cash Deposit
TXN00467,UTR621910602205,2024-05-23,21:40:38,90413217740,Pappu Solanki,Kotak Mahindra Bank,EXT082072761,Merchant/UPI Handle - Utility Payment,Payment Gateway,500,Cash Deposit
TXN01368,UTR609372626318,2024-05-23,22:37:41,EXT113160374,Employer Pvt Ltd - Salary A/c,HDFC Bank,38708135078,Irfan Ali,Axis Bank,22000,NEFT
TXN01173,UTR425234857256,2024-05-24,12:37:19,75073462726,Meera Nair,ICICI Bank,EXT082072761,Merchant/UPI Handle - Utility Payment,Payment Gateway,4000,Cash Withdrawal
TXN00515,UTR143092850478,2024-05-24,17:45:03,EXT113160374,Employer Pvt Ltd - Salary A/c,HDFC Bank,82760561101,Guddi Bai,SBI,45000,NEFT
TXN01224,UTR552776528882,2024-05-24,17:50:04,65117077513,Abid Khan,Kotak Mahindra Bank,EXT082072761,Merchant/UPI Handle - Utility Payment,Payment Gateway,2500,RTGS
TXN00685,UTR533371164874,2024-05-24,23:46:19,18056893044,Ramesh Chandra Pandey,Punjab National Bank,24798510995,Rustam Ali,Bank of Baroda,500,UPI
TXN00952,UTR803731743561,2024-05-25,08:23:13,41492355953,Arjun Mehta,ICICI Bank,EXT082072761,Merchant/UPI Handle - Utility Payment,Payment Gateway,2500,UPI
TXN00900,UTR383937248486,2024-05-25,10:19:53,79909315319,Pranay Dutta Roy,Axis Bank,EXT082072761,Merchant/UPI Handle - Utility Payment,Payment Gateway,7500,Cash Withdrawal
TXN01200,UTR534767357371,2024-05-25,12:10:15,EXT113160374,Employer Pvt Ltd - Salary A/c,HDFC Bank,65117077513,Abid Khan,Kotak Mahindra Bank,60000,NEFT
TXN00613,UTR703354224635,2024-05-25,14:50:08,EXT113160374,Employer Pvt Ltd - Salary A/c,HDFC Bank,68826141830,Suresh Kumar Jain,Axis Bank,22000,NEFT
TXN00061,UTR328945949434,2024-05-25,15:46:50,18633362450,Ajay Yadav,HDFC Bank,71327117523,Ishita Bose,SBI,2500,Cash Deposit
TXN00441,UTR491274524395,2024-05-25,19:56:55,88481678051,Munna Tyagi,Punjab National Bank,EXT082072761,Merchant/UPI Handle - Utility Payment,Payment Gateway,500,RTGS
TXN00506,UTR844510891415,2024-05-26,09:33:45,82760561101,Guddi Bai,SBI,EXT082072761,Merchant/UPI Handle - Utility Payment,Payment Gateway,500,Cash Withdrawal
TXN01051,UTR612936050422,2024-05-27,15:12:52,86831863542,Neha Agarwal,Axis Bank,43588299843,Kavya Reddy,HDFC Bank,1200,RTGS
TXN00936,UTR457096562828,2024-05-27,17:51:19,41492355953,Arjun Mehta,ICICI Bank,35244533458,Sanjay Bhardwaj,Punjab National Bank,4000,NEFT
TXN00727,UTR947737894787,2024-05-27,20:20:57,78264257436,Naveen Kumar Sharma,SBI,EXT082072761,Merchant/UPI Handle - Utility Payment,Payment Gateway,7500,IMPS
TXN01268,UTR995181982953,2024-05-27,23:07:49,52365451928,Farhana Begum,Kotak Mahindra Bank,EXT082072761,Merchant/UPI Handle - Utility Payment,Payment Gateway,1200,IMPS
TXN01120,UTR337739397870,2024-05-28,11:07:58,EXT113160374,Employer Pvt Ltd - Salary A/c,HDFC Bank,71327117523,Ishita Bose,SBI,60000,NEFT
TXN00871,UTR757719724519,2024-05-28,12:34:14,94695183670,Vivek Malhotra,Axis Bank,EXT082072761,Merchant/UPI Handle - Utility Payment,Payment Gateway,1200,RTGS
TXN01255,UTR108881829601,2024-05-28,15:49:49,EXT113160374,Employer Pvt Ltd - Salary A/c,HDFC Bank,64162634588,Rajesh Sinha,SBI,18000,NEFT
TXN00051,UTR598493716066,2024-05-28,18:20:47,68040380973,Sunil Malik,ICICI Bank,82760561101,Guddi Bai,SBI,7500,UPI
TXN00977,UTR824444089536,2024-05-28,18:26:06,23680352646,Simran Kaur,Kotak Mahindra Bank,69705333835,Priya Singh,SBI,4000,IMPS
TXN00373,UTR788232659918,2024-05-28,22:52:21,80450816830,Chhotu Ansari,SBI,24798510995,Rustam Ali,Bank of Baroda,4000,RTGS
TXN01238,UTR755191115632,2024-05-29,14:18:03,64162634588,Rajesh Sinha,SBI,EXT082072761,Merchant/UPI Handle - Utility Payment,Payment Gateway,4000,Cash Withdrawal
TXN00980,UTR617683252539,2024-05-29,15:24:42,23680352646,Simran Kaur,Kotak Mahindra Bank,32437664397,Manoj Tiwari,Kotak Mahindra Bank,4000,Cash Withdrawal
TXN00151,UTR971048362993,2024-05-29,16:10:44,54219677717,Deepak Chaudhary,ICICI Bank,41492355953,Arjun Mehta,ICICI Bank,7500,RTGS
TXN01018,UTR866919217831,2024-05-30,18:49:14,64281559570,Rohan Kapoor,HDFC Bank,EXT082072761,Merchant/UPI Handle - Utility Payment,Payment Gateway,2500,UPI
TXN00060,UTR682401079716,2024-05-31,07:09:32,18633362450,Ajay Yadav,HDFC Bank,44396022575,Chandu Meena,Axis Bank,2500,Cash Withdrawal
TXN01033,UTR935284949337,2024-05-31,15:37:38,64281559570,Rohan Kapoor,HDFC Bank,EXT082072761,Merchant/UPI Handle - Utility Payment,Payment Gateway,500,UPI
TXN01357,UTR197362722680,2024-05-31,16:29:32,35059071685,Sunita Rawat,HDFC Bank,EXT082072761,Merchant/UPI Handle - Utility Payment,Payment Gateway,7500,Cash Withdrawal
TXN01331,UTR321590456678,2024-05-31,17:28:53,76092570588,Deepak Yadav,SBI,EXT082072761,Merchant/UPI Handle - Utility Payment,Payment Gateway,4000,RTGS
TXN01393,UTR399942036393,2024-05-31,18:16:53,68815550998,Poonam Chawla,Punjab National Bank,EXT082072761,Merchant/UPI Handle - Utility Payment,Payment Gateway,1200,RTGS
TXN00646,UTR818994259496,2024-06-01,07:16:32,69705333835,Priya Singh,SBI,65117077513,Abid Khan,Kotak Mahindra Bank,7500,NEFT
TXN00001,UTR291540948918,2024-06-01,12:44:16,32412415786,Rakesh Kumar,SBI,EXT082072761,Merchant/UPI Handle - Utility Payment,Payment Gateway,500,IMPS
TXN01346,UTR619375030213,2024-06-01,14:09:37,35059071685,Sunita Rawat,HDFC Bank,52365451928,Farhana Begum,Kotak Mahindra Bank,2500,Cash Deposit
TXN00581,UTR892469046768,2024-06-01,18:56:02,24798510995,Rustam Ali,Bank of Baroda,EXT082072761,Merchant/UPI Handle - Utility Payment,Payment Gateway,7500,RTGS
TXN00525,UTR271144182488,2024-06-01,21:58:07,44396022575,Chandu Meena,Axis Bank,EXT082072761,Merchant/UPI Handle - Utility Payment,Payment Gateway,2500,Cash Withdrawal
TXN00323,UTR676682091626,2024-06-02,06:00:04,EXT113160374,Employer Pvt Ltd - Salary A/c,HDFC Bank,38037979360,Rohit Bansal,ICICI Bank,22000,NEFT
TXN01245,UTR164576057797,2024-06-03,09:08:25,EXT113160374,Employer Pvt Ltd - Salary A/c,HDFC Bank,64162634588,Rajesh Sinha,SBI,60000,NEFT
TXN01264,UTR274567116039,2024-06-03,09:21:38,64162634588,Rajesh Sinha,SBI,08198427361,Amit Verma,SBI,2500,IMPS
TXN00624,UTR929167250312,2024-06-03,11:17:40,68826141830,Suresh Kumar Jain,Axis Bank,79909315319,Pranay Dutta Roy,Axis Bank,500,UPI
TXN01116,UTR880822346810,2024-06-03,11:21:53,93902439957,Aditya Rathore,Axis Bank,EXT082072761,Merchant/UPI Handle - Utility Payment,Payment Gateway,2500,NEFT
TXN00998,UTR401057925890,2024-06-03,14:06:39,64281559570,Rohan Kapoor,HDFC Bank,EXT082072761,Merchant/UPI Handle - Utility Payment,Payment Gateway,4000,UPI
TXN01170,UTR332159695733,2024-06-03,17:38:16,75073462726,Meera Nair,ICICI Bank,09094330418,Karan Malhotra,HDFC Bank,1200,Cash Deposit
TXN00311,UTR149931560574,2024-06-03,17:46:12,08198427361,Amit Verma,SBI,EXT082072761,Merchant/UPI Handle - Utility Payment,Payment Gateway,500,RTGS
TXN00991,UTR807826645458,2024-06-03,19:42:06,EXT113160374,Employer Pvt Ltd - Salary A/c,HDFC Bank,23680352646,Simran Kaur,Kotak Mahindra Bank,45000,NEFT
TXN00668,UTR306286201624,2024-06-03,22:34:16,18056893044,Ramesh Chandra Pandey,Punjab National Bank,88481678051,Munna Tyagi,Punjab National Bank,7500,UPI
TXN00466,UTR398844257538,2024-06-03,23:02:19,EXT113160374,Employer Pvt Ltd - Salary A/c,HDFC Bank,90413217740,Pappu Solanki,Kotak Mahindra Bank,35000,NEFT
TXN00955,UTR767169566795,2024-06-04,14:49:57,41492355953,Arjun Mehta,ICICI Bank,41992454521,Anita Rani,Axis Bank,7500,UPI
TXN00620,UTR592696722841,2024-06-04,16:52:22,68826141830,Suresh Kumar Jain,Axis Bank,EXT082072761,Merchant/UPI Handle - Utility Payment,Payment Gateway,7500,RTGS
TXN00502,UTR410445394290,2024-06-04,17:49:21,82760561101,Guddi Bai,SBI,38708135078,Irfan Ali,Axis Bank,7500,IMPS
TXN01010,UTR503223316493,2024-06-04,20:18:04,64281559570,Rohan Kapoor,HDFC Bank,EXT082072761,Merchant/UPI Handle - Utility Payment,Payment Gateway,7500,NEFT
TXN00338,UTR537433127472,2024-06-04,21:06:18,16568651026,Bhola Prasad,ICICI Bank,24798510995,Rustam Ali,Bank of Baroda,2500,IMPS
TXN00633,UTR228122135417,2024-06-04,21:32:19,EXT113160374,Employer Pvt Ltd - Salary A/c,HDFC Bank,69705333835,Priya Singh,SBI,22000,NEFT
TXN00083,UTR743481446236,2024-06-04,22:10:42,EXT113160374,Employer Pvt Ltd - Salary A/c,HDFC Bank,55933722348,Vikas Tomar,ICICI Bank,45000,NEFT
TXN00468,UTR457724445877,2024-06-05,07:35:19,90413217740,Pappu Solanki,Kotak Mahindra Bank,68815550998,Poonam Chawla,Punjab National Bank,1200,Cash Deposit
TXN00944,UTR167831021136,2024-06-06,06:25:37,41492355953,Arjun Mehta,ICICI Bank,EXT082072761,Merchant/UPI Handle - Utility Payment,Payment Gateway,7500,Cash Deposit
TXN00661,UTR862311860468,2024-06-06,12:14:56,69705333835,Priya Singh,SBI,90413217740,Pappu Solanki,Kotak Mahindra Bank,500,RTGS
TXN00835,UTR585797282759,2024-06-06,14:02:56,36247945967,Rekha Devi,Bank of Baroda,54219677717,Deepak Chaudhary,ICICI Bank,4000,UPI
TXN01028,UTR546992291334,2024-06-06,15:47:18,EXT113160374,Employer Pvt Ltd - Salary A/c,HDFC Bank,64281559570,Rohan Kapoor,HDFC Bank,35000,NEFT
TXN00862,UTR105732268725,2024-06-06,19:20:28,94695183670,Vivek Malhotra,Axis Bank,EXT082072761,Merchant/UPI Handle - Utility Payment,Payment Gateway,1200,Cash Withdrawal
TXN01295,UTR132050304377,2024-06-06,21:08:17,52365451928,Farhana Begum,Kotak Mahindra Bank,99323421683,Tanvi Joshi,HDFC Bank,4000,UPI
TXN00273,UTR388189078471,2024-06-07,10:14:16,64733283579,Nikhil Sharma,Punjab National Bank,90413217740,Pappu Solanki,Kotak Mahindra Bank,500,UPI
TXN00576,UTR416509793166,2024-06-07,19:17:47,EXT113160374,Employer Pvt Ltd - Salary A/c,HDFC Bank,24798510995,Rustam Ali,Bank of Baroda,35000,NEFT
TXN01217,UTR475772259872,2024-06-08,06:36:09,65117077513,Abid Khan,Kotak Mahindra Bank,79909315319,Pranay Dutta Roy,Axis Bank,4000,RTGS
TXN00087,UTR885473400611,2024-06-08,06:37:32,55933722348,Vikas Tomar,ICICI Bank,EXT082072761,Merchant/UPI Handle - Utility Payment,Payment Gateway,500,UPI
TXN00917,UTR309659530875,2024-06-08,15:11:54,43588299843,Kavya Reddy,HDFC Bank,EXT082072761,Merchant/UPI Handle - Utility Payment,Payment Gateway,2500,Cash Deposit
TXN00123,UTR531133076649,2024-06-08,18:46:59,EXT113160374,Employer Pvt Ltd - Salary A/c,HDFC Bank,42679916140,Imran Sheikh,HDFC Bank,45000,NEFT
TXN00039,UTR569082406431,2024-06-08,18:47:02,68040380973,Sunil Malik,ICICI Bank,44760461844,Farhan Ahmed,Punjab National Bank,500,UPI
TXN00653,UTR799527590897,2024-06-08,20:04:17,EXT113160374,Employer Pvt Ltd - Salary A/c,HDFC Bank,69705333835,Priya Singh,SBI,22000,NEFT
TXN00911,UTR575743373342,2024-06-08,23:03:27,43588299843,Kavya Reddy,HDFC Bank,EXT082072761,Merchant/UPI Handle - Utility Payment,Payment Gateway,500,UPI
TXN00535,UTR314344569146,2024-06-08,23:09:59,44396022575,Chandu Meena,Axis Bank,08198427361,Amit Verma,SBI,1200,IMPS
TXN01013,UTR371630025839,2024-06-09,09:10:03,64281559570,Rohan Kapoor,HDFC Bank,EXT082072761,Merchant/UPI Handle - Utility Payment,Payment Gateway,7500,UPI
TXN00476,UTR600412511556,2024-06-09,11:23:08,90413217740,Pappu Solanki,Kotak Mahindra Bank,82760561101,Guddi Bai,SBI,500,NEFT
TXN00891,UTR738867914086,2024-06-10,06:22:04,79909315319,Pranay Dutta Roy,Axis Bank,EXT082072761,Merchant/UPI Handle - Utility Payment,Payment Gateway,1200,IMPS
TXN01197,UTR683725110430,2024-06-10,12:29:48,65117077513,Abid Khan,Kotak Mahindra Bank,EXT082072761,Merchant/UPI Handle - Utility Payment,Payment Gateway,4000,RTGS
TXN00720,UTR828458423942,2024-06-10,15:05:52,78264257436,Naveen Kumar Sharma,SBI,EXT082072761,Merchant/UPI Handle - Utility Payment,Payment Gateway,7500,RTGS
TXN00224,UTR982660488793,2024-06-10,23:04:21,EXT113160374,Employer Pvt Ltd - Salary A/c,HDFC Bank,65580053757,Kavita Devi,Bank of Baroda,35000,NEFT
TXN00582,UTR152526652192,2024-06-11,07:21:15,EXT113160374,Employer Pvt Ltd - Salary A/c,HDFC Bank,24798510995,Rustam Ali,Bank of Baroda,35000,NEFT
TXN00864,UTR440441202723,2024-06-11,09:01:53,94695183670,Vivek Malhotra,Axis Bank,68040380973,Sunil Malik,ICICI Bank,500,Cash Withdrawal
TXN00810,UTR727035099736,2024-06-11,15:02:19,35244533458,Sanjay Bhardwaj,Punjab National Bank,69705333835,Priya Singh,SBI,2500,IMPS
TXN00359,UTR986835283993,2024-06-12,07:19:25,80450816830,Chhotu Ansari,SBI,EXT082072761,Merchant/UPI Handle - Utility Payment,Payment Gateway,1200,NEFT
TXN00421,UTR911264636551,2024-06-12,16:13:04,05606834229,Lakhan Singh Bhatti,SBI,88481678051,Munna Tyagi,Punjab National Bank,7500,UPI
TXN00239,UTR389786143116,2024-06-12,17:16:39,EXT113160374,Employer Pvt Ltd - Salary A/c,HDFC Bank,64733283579,Nikhil Sharma,Punjab National Bank,60000,NEFT
TXN00100,UTR811065830652,2024-06-12,18:22:13,EXT113160374,Employer Pvt Ltd - Salary A/c,HDFC Bank,55933722348,Vikas Tomar,ICICI Bank,18000,NEFT
TXN00879,UTR128130378437,2024-06-12,21:13:45,79909315319,Pranay Dutta Roy,Axis Bank,EXT082072761,Merchant/UPI Handle - Utility Payment,Payment Gateway,500,UPI
TXN00949,UTR351695173736,2024-06-13,16:21:59,41492355953,Arjun Mehta,ICICI Bank,EXT082072761,Merchant/UPI Handle - Utility Payment,Payment Gateway,4000,Cash Withdrawal
TXN01066,UTR243779629308,2024-06-13,17:46:43,EXT113160374,Employer Pvt Ltd - Salary A/c,HDFC Bank,86831863542,Neha Agarwal,Axis Bank,35000,NEFT
TXN00783,UTR349605851751,2024-06-14,13:58:32,EXT113160374,Employer Pvt Ltd - Salary A/c,HDFC Bank,35244533458,Sanjay Bhardwaj,Punjab National Bank,35000,NEFT
TXN00811,UTR910387153635,2024-06-14,16:28:17,35244533458,Sanjay Bhardwaj,Punjab National Bank,08198427361,Amit Verma,SBI,7500,Cash Withdrawal
TXN00908,UTR189141009803,2024-06-15,11:10:48,EXT113160374,Employer Pvt Ltd - Salary A/c,HDFC Bank,43588299843,Kavya Reddy,HDFC Bank,60000,NEFT
TXN01252,UTR423218485091,2024-06-15,15:16:33,64162634588,Rajesh Sinha,SBI,64281559570,Rohan Kapoor,HDFC Bank,7500,NEFT
TXN01374,UTR206389751972,2024-06-16,10:36:42,38708135078,Irfan Ali,Axis Bank,38037979360,Rohit Bansal,ICICI Bank,1200,IMPS
TXN00129,UTR203676302670,2024-06-16,11:38:41,42679916140,Imran Sheikh,HDFC Bank,35059071685,Sunita Rawat,HDFC Bank,7500,Cash Deposit
TXN00598,UTR983865909649,2024-06-16,21:29:40,49471531912,Mahesh Chand Gupta,ICICI Bank,38708135078,Irfan Ali,Axis Bank,500,UPI
TXN00317,UTR767983861598,2024-06-17,06:46:36,38037979360,Rohit Bansal,ICICI Bank,43588299843,Kavya Reddy,HDFC Bank,1200,Cash Withdrawal
TXN01130,UTR673435617713,2024-06-17,11:07:54,71327117523,Ishita Bose,SBI,36247945967,Rekha Devi,Bank of Baroda,7500,RTGS
TXN01246,UTR844553357518,2024-06-17,17:29:58,64162634588,Rajesh Sinha,SBI,08198427361,Amit Verma,SBI,2500,UPI
TXN00870,UTR203187973638,2024-06-18,06:08:28,94695183670,Vivek Malhotra,Axis Bank,38708135078,Irfan Ali,Axis Bank,1200,Cash Deposit
TXN01426,UTR275983033290,2024-06-18,14:37:25,18633362450,Ajay Yadav,HDFC Bank,55933722348,Vikas Tomar,ICICI Bank,8000,Cash Deposit
TXN01114,UTR473968454510,2024-06-18,14:50:09,93902439957,Aditya Rathore,Axis Bank,EXT082072761,Merchant/UPI Handle - Utility Payment,Payment Gateway,2500,Cash Withdrawal
TXN00608,UTR543989428231,2024-06-18,21:34:06,49471531912,Mahesh Chand Gupta,ICICI Bank,EXT082072761,Merchant/UPI Handle - Utility Payment,Payment Gateway,4000,UPI
TXN01278,UTR402803530525,2024-06-19,08:52:35,EXT113160374,Employer Pvt Ltd - Salary A/c,HDFC Bank,52365451928,Farhana Begum,Kotak Mahindra Bank,35000,NEFT
TXN00567,UTR544357258129,2024-06-19,10:24:41,24798510995,Rustam Ali,Bank of Baroda,EXT082072761,Merchant/UPI Handle - Utility Payment,Payment Gateway,1200,Cash Withdrawal
TXN00217,UTR599310860454,2024-06-19,14:10:47,65580053757,Kavita Devi,Bank of Baroda,EXT082072761,Merchant/UPI Handle - Utility Payment,Payment Gateway,2500,Cash Deposit
TXN00886,UTR482765448764,2024-06-19,21:09:23,79909315319,Pranay Dutta Roy,Axis Bank,EXT082072761,Merchant/UPI Handle - Utility Payment,Payment Gateway,4000,NEFT
TXN00760,UTR572529081333,2024-06-20,13:44:42,44760461844,Farhan Ahmed,Punjab National Bank,EXT082072761,Merchant/UPI Handle - Utility Payment,Payment Gateway,7500,Cash Deposit
TXN00837,UTR388498481269,2024-06-20,18:01:59,36247945967,Rekha Devi,Bank of Baroda,43686792403,Salman Qureshi,SBI,1200,Cash Deposit
TXN00272,UTR877599786018,2024-06-21,18:50:33,64733283579,Nikhil Sharma,Punjab National Bank,EXT082072761,Merchant/UPI Handle - Utility Payment,Payment Gateway,4000,Cash Deposit
TXN00924,UTR478873391494,2024-06-21,20:47:40,43588299843,Kavya Reddy,HDFC Bank,78264257436,Naveen Kumar Sharma,SBI,4000,Cash Deposit
TXN01100,UTR545596081054,2024-06-21,22:43:17,93902439957,Aditya Rathore,Axis Bank,36247945967,Rekha Devi,Bank of Baroda,7500,IMPS
TXN01427,UTR468037335637,2024-06-22,14:30:40,55933722348,Vikas Tomar,ICICI Bank,32412415786,Rakesh Kumar,SBI,6000,Cash Deposit
TXN00643,UTR609851109085,2024-06-22,18:52:45,EXT113160374,Employer Pvt Ltd - Salary A/c,HDFC Bank,69705333835,Priya Singh,SBI,35000,NEFT
TXN00513,UTR724300580008,2024-06-22,20:27:17,82760561101,Guddi Bai,SBI,EXT082072761,Merchant/UPI Handle - Utility Payment,Payment Gateway,4000,UPI
TXN00902,UTR389824697017,2024-06-22,21:50:20,79909315319,Pranay Dutta Roy,Axis Bank,EXT082072761,Merchant/UPI Handle - Utility Payment,Payment Gateway,2500,Cash Withdrawal
TXN00555,UTR587699174899,2024-06-23,13:51:41,EXT113160374,Employer Pvt Ltd - Salary A/c,HDFC Bank,44396022575,Chandu Meena,Axis Bank,60000,NEFT
TXN00485,UTR175351835081,2024-06-23,16:14:01,EXT113160374,Employer Pvt Ltd - Salary A/c,HDFC Bank,90413217740,Pappu Solanki,Kotak Mahindra Bank,18000,NEFT
TXN01259,UTR300011148498,2024-06-23,16:39:05,64162634588,Rajesh Sinha,SBI,32412415786,Rakesh Kumar,SBI,4000,UPI
TXN00426,UTR649866637359,2024-06-23,19:30:52,88481678051,Munna Tyagi,Punjab National Bank,EXT082072761,Merchant/UPI Handle - Utility Payment,Payment Gateway,1200,IMPS
TXN01182,UTR729055934231,2024-06-23,22:14:32,10884387334,Yash Chopra,Bank of Baroda,EXT082072761,Merchant/UPI Handle - Utility Payment,Payment Gateway,4000,RTGS
TXN01093,UTR589195541397,2024-06-24,15:38:36,EXT113160374,Employer Pvt Ltd - Salary A/c,HDFC Bank,93902439957,Aditya Rathore,Axis Bank,18000,NEFT
TXN00994,UTR308026262452,2024-06-24,16:02:49,23680352646,Simran Kaur,Kotak Mahindra Bank,EXT082072761,Merchant/UPI Handle - Utility Payment,Payment Gateway,1200,NEFT
TXN00767,UTR332800488830,2024-06-24,20:00:54,44760461844,Farhan Ahmed,Punjab National Bank,68040380973,Sunil Malik,ICICI Bank,500,Cash Withdrawal
TXN00884,UTR923224172025,2024-06-25,08:25:03,79909315319,Pranay Dutta Roy,Axis Bank,EXT082072761,Merchant/UPI Handle - Utility Payment,Payment Gateway,500,Cash Deposit
TXN00162,UTR194843732689,2024-06-25,13:46:38,54219677717,Deepak Chaudhary,ICICI Bank,EXT082072761,Merchant/UPI Handle - Utility Payment,Payment Gateway,2500,UPI
TXN00699,UTR447452107074,2024-06-25,15:14:59,41992454521,Anita Rani,Axis Bank,EXT082072761,Merchant/UPI Handle - Utility Payment,Payment Gateway,4000,IMPS
TXN00889,UTR815788046878,2024-06-26,07:27:32,79909315319,Pranay Dutta Roy,Axis Bank,EXT082072761,Merchant/UPI Handle - Utility Payment,Payment Gateway,7500,NEFT
TXN00985,UTR243682270886,2024-06-26,10:28:49,23680352646,Simran Kaur,Kotak Mahindra Bank,EXT082072761,Merchant/UPI Handle - Utility Payment,Payment Gateway,1200,RTGS
TXN00495,UTR191717198072,2024-06-26,13:46:26,90413217740,Pappu Solanki,Kotak Mahindra Bank,EXT082072761,Merchant/UPI Handle - Utility Payment,Payment Gateway,1200,Cash Withdrawal
TXN00848,UTR299155837222,2024-06-26,14:32:28,94695183670,Vivek Malhotra,Axis Bank,76092570588,Deepak Yadav,SBI,500,NEFT
TXN00382,UTR269333850659,2024-06-26,21:00:31,80450816830,Chhotu Ansari,SBI,86831863542,Neha Agarwal,Axis Bank,4000,UPI
TXN01248,UTR246431876298,2024-06-27,11:37:28,EXT113160374,Employer Pvt Ltd - Salary A/c,HDFC Bank,64162634588,Rajesh Sinha,SBI,22000,NEFT
TXN00414,UTR577578726149,2024-06-27,18:25:13,05606834229,Lakhan Singh Bhatti,SBI,68826141830,Suresh Kumar Jain,Axis Bank,7500,Cash Deposit
TXN01290,UTR346437508783,2024-06-27,20:10:26,52365451928,Farhana Begum,Kotak Mahindra Bank,16568651026,Bhola Prasad,ICICI Bank,4000,UPI
TXN00077,UTR554533628106,2024-06-27,22:52:12,EXT113160374,Employer Pvt Ltd - Salary A/c,HDFC Bank,18633362450,Ajay Yadav,HDFC Bank,35000,NEFT
TXN00636,UTR287320319509,2024-06-28,08:47:04,EXT113160374,Employer Pvt Ltd - Salary A/c,HDFC Bank,69705333835,Priya Singh,SBI,18000,NEFT
TXN01415,UTR735409199201,2024-06-28,13:19:16,32437664397,Manoj Tiwari,Kotak Mahindra Bank,93902439957,Aditya Rathore,Axis Bank,500,RTGS
TXN01377,UTR610534649711,2024-06-28,17:53:17,68815550998,Poonam Chawla,Punjab National Bank,64281559570,Rohan Kapoor,HDFC Bank,7500,Cash Withdrawal
TXN00242,UTR814259379994,2024-06-28,19:08:26,64733283579,Nikhil Sharma,Punjab National Bank,38037979360,Rohit Bansal,ICICI Bank,500,Cash Deposit
TXN00634,UTR887437002830,2024-06-28,19:08:45,69705333835,Priya Singh,SBI,EXT082072761,Merchant/UPI Handle - Utility Payment,Payment Gateway,500,Cash Deposit
TXN00252,UTR956148729965,2024-06-28,19:55:42,64733283579,Nikhil Sharma,Punjab National Bank,EXT082072761,Merchant/UPI Handle - Utility Payment,Payment Gateway,2500,NEFT
TXN01350,UTR223535112225,2024-06-29,06:44:28,35059071685,Sunita Rawat,HDFC Bank,EXT082072761,Merchant/UPI Handle - Utility Payment,Payment Gateway,4000,RTGS
TXN00090,UTR482911026168,2024-06-29,10:29:16,55933722348,Vikas Tomar,ICICI Bank,69705333835,Priya Singh,SBI,7500,Cash Withdrawal
TXN00912,UTR745568966058,2024-06-29,20:21:58,43588299843,Kavya Reddy,HDFC Bank,41492355953,Arjun Mehta,ICICI Bank,4000,NEFT
TXN00672,UTR802638692249,2024-06-29,20:23:09,EXT113160374,Employer Pvt Ltd - Salary A/c,HDFC Bank,18056893044,Ramesh Chandra Pandey,Punjab National Bank,45000,NEFT
TXN00470,UTR435470709395,2024-06-29,21:41:34,90413217740,Pappu Solanki,Kotak Mahindra Bank,76092570588,Deepak Yadav,SBI,4000,UPI
TXN00337,UTR486261476949,2024-06-30,11:51:11,EXT113160374,Employer Pvt Ltd - Salary A/c,HDFC Bank,16568651026,Bhola Prasad,ICICI Bank,45000,NEFT
TXN00616,UTR386243683416,2024-06-30,15:46:22,68826141830,Suresh Kumar Jain,Axis Bank,EXT082072761,Merchant/UPI Handle - Utility Payment,Payment Gateway,1200,RTGS
TXN00754,UTR525858864152,2024-06-30,18:37:29,78264257436,Naveen Kumar Sharma,SBI,EXT082072761,Merchant/UPI Handle - Utility Payment,Payment Gateway,7500,NEFT
TXN01038,UTR405308153821,2024-06-30,19:08:26,86831863542,Neha Agarwal,Axis Bank,EXT082072761,Merchant/UPI Handle - Utility Payment,Payment Gateway,1200,Cash Deposit
TXN00228,UTR483746426583,2024-06-30,19:24:40,65580053757,Kavita Devi,Bank of Baroda,EXT082072761,Merchant/UPI Handle - Utility Payment,Payment Gateway,1200,NEFT
TXN00158,UTR516430921444,2024-07-01,08:59:16,54219677717,Deepak Chaudhary,ICICI Bank,93902439957,Aditya Rathore,Axis Bank,2500,UPI
TXN01076,UTR467753724150,2024-07-01,09:58:34,EXT113160374,Employer Pvt Ltd - Salary A/c,HDFC Bank,99323421683,Tanvi Joshi,HDFC Bank,35000,NEFT
TXN01072,UTR786658873976,2024-07-01,11:04:14,99323421683,Tanvi Joshi,HDFC Bank,EXT082072761,Merchant/UPI Handle - Utility Payment,Payment Gateway,7500,UPI
TXN00477,UTR273379741066,2024-07-02,06:15:57,90413217740,Pappu Solanki,Kotak Mahindra Bank,94695183670,Vivek Malhotra,Axis Bank,4000,RTGS
TXN00584,UTR726700437530,2024-07-02,12:17:39,24798510995,Rustam Ali,Bank of Baroda,41492355953,Arjun Mehta,ICICI Bank,500,NEFT
TXN01185,UTR881954300854,2024-07-03,07:29:05,10884387334,Yash Chopra,Bank of Baroda,EXT082072761,Merchant/UPI Handle - Utility Payment,Payment Gateway,7500,Cash Withdrawal
TXN00146,UTR257008722731,2024-07-03,11:30:55,54219677717,Deepak Chaudhary,ICICI Bank,43588299843,Kavya Reddy,HDFC Bank,2500,IMPS
TXN00122,UTR456932427839,2024-07-03,13:49:11,42679916140,Imran Sheikh,HDFC Bank,EXT082072761,Merchant/UPI Handle - Utility Payment,Payment Gateway,1200,IMPS
TXN00993,UTR862899956894,2024-07-03,14:38:35,EXT113160374,Employer Pvt Ltd - Salary A/c,HDFC Bank,23680352646,Simran Kaur,Kotak Mahindra Bank,22000,NEFT
TXN00552,UTR331119132867,2024-07-03,19:56:57,44396022575,Chandu Meena,Axis Bank,86831863542,Neha Agarwal,Axis Bank,4000,Cash Deposit
TXN01358,UTR609361007266,2024-07-03,20:01:22,38708135078,Irfan Ali,Axis Bank,EXT082072761,Merchant/UPI Handle - Utility Payment,Payment Gateway,500,IMPS
TXN00141,UTR542290491974,2024-07-03,21:43:17,54219677717,Deepak Chaudhary,ICICI Bank,EXT082072761,Merchant/UPI Handle - Utility Payment,Payment Gateway,4000,IMPS
TXN00066,UTR495021438138,2024-07-03,22:22:46,18633362450,Ajay Yadav,HDFC Bank,EXT082072761,Merchant/UPI Handle - Utility Payment,Payment Gateway,2500,IMPS
TXN00675,UTR959685553217,2024-07-03,23:32:00,18056893044,Ramesh Chandra Pandey,Punjab National Bank,EXT082072761,Merchant/UPI Handle - Utility Payment,Payment Gateway,7500,NEFT
TXN00196,UTR616784699011,2024-07-04,09:55:16,EXT113160374,Employer Pvt Ltd - Salary A/c,HDFC Bank,43686792403,Salman Qureshi,SBI,45000,NEFT
TXN00639,UTR400567218837,2024-07-04,16:35:33,69705333835,Priya Singh,SBI,EXT082072761,Merchant/UPI Handle - Utility Payment,Payment Gateway,2500,Cash Deposit
TXN00011,UTR941258017463,2024-07-04,23:15:12,EXT113160374,Employer Pvt Ltd - Salary A/c,HDFC Bank,32412415786,Rakesh Kumar,SBI,45000,NEFT
TXN00179,UTR728120252651,2024-07-05,09:34:01,43686792403,Salman Qureshi,SBI,EXT082072761,Merchant/UPI Handle - Utility Payment,Payment Gateway,7500,IMPS
TXN00464,UTR252650390719,2024-07-05,10:29:45,90413217740,Pappu Solanki,Kotak Mahindra Bank,36247945967,Rekha Devi,Bank of Baroda,2500,NEFT
TXN00971,UTR441931320997,2024-07-05,12:43:05,EXT113160374,Employer Pvt Ltd - Salary A/c,HDFC Bank,23680352646,Simran Kaur,Kotak Mahindra Bank,18000,NEFT
TXN01233,UTR594838471983,2024-07-05,20:30:49,EXT113160374,Employer Pvt Ltd - Salary A/c,HDFC Bank,65117077513,Abid Khan,Kotak Mahindra Bank,60000,NEFT
TXN00255,UTR294586349510,2024-07-05,20:58:08,64733283579,Nikhil Sharma,Punjab National Bank,EXT082072761,Merchant/UPI Handle - Utility Payment,Payment Gateway,7500,IMPS
TXN00197,UTR519711657790,2024-07-06,15:18:26,43686792403,Salman Qureshi,SBI,86831863542,Neha Agarwal,Axis Bank,500,RTGS
TXN01102,UTR977463509922,2024-07-06,15:18:37,93902439957,Aditya Rathore,Axis Bank,EXT082072761,Merchant/UPI Handle - Utility Payment,Payment Gateway,1200,Cash Withdrawal
TXN00945,UTR300719327942,2024-07-06,17:40:38,41492355953,Arjun Mehta,ICICI Bank,71327117523,Ishita Bose,SBI,2500,Cash Deposit
TXN00632,UTR830608586306,2024-07-06,19:33:57,69705333835,Priya Singh,SBI,EXT082072761,Merchant/UPI Handle - Utility Payment,Payment Gateway,7500,Cash Withdrawal
TXN01219,UTR593187420589,2024-07-07,07:47:23,65117077513,Abid Khan,Kotak Mahindra Bank,79909315319,Pranay Dutta Roy,Axis Bank,1200,Cash Deposit
TXN00346,UTR780601268140,2024-07-07,11:09:36,EXT113160374,Employer Pvt Ltd - Salary A/c,HDFC Bank,80450816830,Chhotu Ansari,SBI,35000,NEFT
TXN00049,UTR488772069636,2024-07-07,12:09:23,EXT113160374,Employer Pvt Ltd - Salary A/c,HDFC Bank,68040380973,Sunil Malik,ICICI Bank,35000,NEFT
TXN01016,UTR293152747254,2024-07-07,12:14:44,EXT113160374,Employer Pvt Ltd - Salary A/c,HDFC Bank,64281559570,Rohan Kapoor,HDFC Bank,22000,NEFT
TXN00953,UTR157234567941,2024-07-07,13:22:58,41492355953,Arjun Mehta,ICICI Bank,EXT082072761,Merchant/UPI Handle - Utility Payment,Payment Gateway,500,Cash Deposit
TXN00084,UTR402403114692,2024-07-07,20:58:15,EXT113160374,Employer Pvt Ltd - Salary A/c,HDFC Bank,55933722348,Vikas Tomar,ICICI Bank,60000,NEFT
TXN00057,UTR130950860392,2024-07-08,10:20:16,18633362450,Ajay Yadav,HDFC Bank,18056893044,Ramesh Chandra Pandey,Punjab National Bank,2500,NEFT
TXN00298,UTR172447531907,2024-07-08,21:55:06,08198427361,Amit Verma,SBI,EXT082072761,Merchant/UPI Handle - Utility Payment,Payment Gateway,2500,Cash Deposit
TXN00457,UTR716107898297,2024-07-09,09:22:07,88481678051,Munna Tyagi,Punjab National Bank,EXT082072761,Merchant/UPI Handle - Utility Payment,Payment Gateway,500,RTGS
TXN01042,UTR239181521919,2024-07-09,13:07:50,86831863542,Neha Agarwal,Axis Bank,EXT082072761,Merchant/UPI Handle - Utility Payment,Payment Gateway,4000,RTGS
TXN00687,UTR773818756410,2024-07-09,13:30:39,EXT113160374,Employer Pvt Ltd - Salary A/c,HDFC Bank,41992454521,Anita Rani,Axis Bank,60000,NEFT
TXN00269,UTR512905876908,2024-07-09,16:09:22,64733283579,Nikhil Sharma,Punjab National Bank,EXT082072761,Merchant/UPI Handle - Utility Payment,Payment Gateway,7500,Cash Withdrawal
TXN01208,UTR926310187089,2024-07-09,18:42:02,65117077513,Abid Khan,Kotak Mahindra Bank,32412415786,Rakesh Kumar,SBI,1200,RTGS
TXN00366,UTR725849859057,2024-07-10,06:12:47,80450816830,Chhotu Ansari,SBI,64281559570,Rohan Kapoor,HDFC Bank,7500,Cash Deposit
TXN00520,UTR623350722282,2024-07-10,10:58:14,82760561101,Guddi Bai,SBI,EXT082072761,Merchant/UPI Handle - Utility Payment,Payment Gateway,1200,NEFT
TXN00139,UTR662313721052,2024-07-10,15:06:40,EXT113160374,Employer Pvt Ltd - Salary A/c,HDFC Bank,54219677717,Deepak Chaudhary,ICICI Bank,45000,NEFT
TXN01367,UTR893670412708,2024-07-10,17:38:06,38708135078,Irfan Ali,Axis Bank,EXT082072761,Merchant/UPI Handle - Utility Payment,Payment Gateway,7500,Cash Withdrawal
TXN00028,UTR746308813639,2024-07-10,20:06:13,EXT113160374,Employer Pvt Ltd - Salary A/c,HDFC Bank,68040380973,Sunil Malik,ICICI Bank,45000,NEFT
TXN00154,UTR406557946547,2024-07-10,20:20:48,EXT113160374,Employer Pvt Ltd - Salary A/c,HDFC Bank,54219677717,Deepak Chaudhary,ICICI Bank,60000,NEFT
TXN00395,UTR135394096956,2024-07-11,18:21:24,05606834229,Lakhan Singh Bhatti,SBI,EXT082072761,Merchant/UPI Handle - Utility Payment,Payment Gateway,4000,UPI
TXN00605,UTR196231347494,2024-07-11,21:06:36,EXT113160374,Employer Pvt Ltd - Salary A/c,HDFC Bank,49471531912,Mahesh Chand Gupta,ICICI Bank,22000,NEFT
TXN00532,UTR497917373767,2024-07-12,07:33:13,EXT113160374,Employer Pvt Ltd - Salary A/c,HDFC Bank,44396022575,Chandu Meena,Axis Bank,60000,NEFT
TXN00595,UTR582068915589,2024-07-12,12:23:51,EXT113160374,Employer Pvt Ltd - Salary A/c,HDFC Bank,49471531912,Mahesh Chand Gupta,ICICI Bank,60000,NEFT
TXN00309,UTR493687811174,2024-07-12,13:46:43,EXT113160374,Employer Pvt Ltd - Salary A/c,HDFC Bank,08198427361,Amit Verma,SBI,45000,NEFT
TXN00701,UTR495088508456,2024-07-12,18:29:35,EXT113160374,Employer Pvt Ltd - Salary A/c,HDFC Bank,41992454521,Anita Rani,Axis Bank,35000,NEFT
TXN00731,UTR909086085907,2024-07-12,22:44:34,78264257436,Naveen Kumar Sharma,SBI,EXT082072761,Merchant/UPI Handle - Utility Payment,Payment Gateway,500,NEFT
TXN00729,UTR103800412068,2024-07-13,11:47:47,78264257436,Naveen Kumar Sharma,SBI,EXT082072761,Merchant/UPI Handle - Utility Payment,Payment Gateway,1200,Cash Withdrawal
TXN00965,UTR421796123467,2024-07-14,06:09:43,23680352646,Simran Kaur,Kotak Mahindra Bank,EXT082072761,Merchant/UPI Handle - Utility Payment,Payment Gateway,7500,IMPS
TXN00155,UTR774442509809,2024-07-14,09:17:54,EXT113160374,Employer Pvt Ltd - Salary A/c,HDFC Bank,54219677717,Deepak Chaudhary,ICICI Bank,22000,NEFT
TXN00702,UTR225261287800,2024-07-14,09:53:39,41992454521,Anita Rani,Axis Bank,EXT082072761,Merchant/UPI Handle - Utility Payment,Payment Gateway,2500,IMPS
TXN00710,UTR202865575431,2024-07-14,15:50:42,41992454521,Anita Rani,Axis Bank,EXT082072761,Merchant/UPI Handle - Utility Payment,Payment Gateway,2500,IMPS
TXN01468,UTR354144603058,2024-07-14,18:39:34,43686792403,Salman Qureshi,SBI,65580053757,Kavita Devi,Bank of Baroda,60000,Cash Deposit
TXN00232,UTR752598457256,2024-07-14,21:18:47,65580053757,Kavita Devi,Bank of Baroda,93902439957,Aditya Rathore,Axis Bank,4000,Cash Deposit
TXN00898,UTR280242834910,2024-07-14,21:21:02,79909315319,Pranay Dutta Roy,Axis Bank,EXT082072761,Merchant/UPI Handle - Utility Payment,Payment Gateway,4000,NEFT
TXN01157,UTR909765822466,2024-07-14,23:42:25,09094330418,Karan Malhotra,HDFC Bank,EXT082072761,Merchant/UPI Handle - Utility Payment,Payment Gateway,7500,RTGS
TXN00297,UTR729377618790,2024-07-15,08:45:07,08198427361,Amit Verma,SBI,EXT082072761,Merchant/UPI Handle - Utility Payment,Payment Gateway,500,NEFT
TXN00059,UTR745210836121,2024-07-15,11:16:09,EXT113160374,Employer Pvt Ltd - Salary A/c,HDFC Bank,18633362450,Ajay Yadav,HDFC Bank,45000,NEFT
TXN00798,UTR484062012494,2024-07-15,20:36:56,35244533458,Sanjay Bhardwaj,Punjab National Bank,36247945967,Rekha Devi,Bank of Baroda,1200,Cash Deposit
TXN01222,UTR951978107822,2024-07-15,22:24:49,EXT113160374,Employer Pvt Ltd - Salary A/c,HDFC Bank,65117077513,Abid Khan,Kotak Mahindra Bank,45000,NEFT
TXN01470,UTR404776949220,2024-07-16,08:22:19,65580053757,Kavita Devi,Bank of Baroda,10884387334,Yash Chopra,Bank of Baroda,15218,UPI
TXN01289,UTR223537185980,2024-07-16,09:08:24,52365451928,Farhana Begum,Kotak Mahindra Bank,38037979360,Rohit Bansal,ICICI Bank,2500,NEFT
TXN00010,UTR576823193901,2024-07-16,11:23:26,EXT113160374,Employer Pvt Ltd - Salary A/c,HDFC Bank,32412415786,Rakesh Kumar,SBI,18000,NEFT
TXN01472,UTR105888169551,2024-07-16,11:50:43,65580053757,Kavita Devi,Bank of Baroda,38708135078,Irfan Ali,Axis Bank,17551,UPI
TXN00913,UTR668095439700,2024-07-16,11:58:01,EXT113160374,Employer Pvt Ltd - Salary A/c,HDFC Bank,43588299843,Kavya Reddy,HDFC Bank,35000,NEFT
TXN00282,UTR444997559493,2024-07-16,12:16:28,08198427361,Amit Verma,SBI,99323421683,Tanvi Joshi,HDFC Bank,2500,UPI
TXN00109,UTR898835966813,2024-07-16,16:20:08,55933722348,Vikas Tomar,ICICI Bank,10884387334,Yash Chopra,Bank of Baroda,1200,Cash Withdrawal
TXN00033,UTR612320977010,2024-07-16,18:07:31,68040380973,Sunil Malik,ICICI Bank,EXT082072761,Merchant/UPI Handle - Utility Payment,Payment Gateway,500,Cash Withdrawal
TXN00571,UTR137689277530,2024-07-17,09:02:04,24798510995,Rustam Ali,Bank of Baroda,86831863542,Neha Agarwal,Axis Bank,7500,IMPS
TXN01162,UTR838226109685,2024-07-17,11:03:34,EXT113160374,Employer Pvt Ltd - Salary A/c,HDFC Bank,75073462726,Meera Nair,ICICI Bank,35000,NEFT
TXN00758,UTR797644851577,2024-07-17,12:44:32,44760461844,Farhan Ahmed,Punjab National Bank,EXT082072761,Merchant/UPI Handle - Utility Payment,Payment Gateway,2500,IMPS
TXN00666,UTR352630722802,2024-07-17,14:01:09,18056893044,Ramesh Chandra Pandey,Punjab National Bank,EXT082072761,Merchant/UPI Handle - Utility Payment,Payment Gateway,500,UPI
TXN00518,UTR996129921262,2024-07-17,14:33:29,82760561101,Guddi Bai,SBI,EXT082072761,Merchant/UPI Handle - Utility Payment,Payment Gateway,7500,Cash Withdrawal
TXN01304,UTR450353465933,2024-07-17,16:08:22,EXT113160374,Employer Pvt Ltd - Salary A/c,HDFC Bank,76092570588,Deepak Yadav,SBI,22000,NEFT
TXN00612,UTR694441616017,2024-07-17,16:44:35,68826141830,Suresh Kumar Jain,Axis Bank,42679916140,Imran Sheikh,HDFC Bank,1200,RTGS
TXN00164,UTR306339060422,2024-07-17,23:51:46,54219677717,Deepak Chaudhary,ICICI Bank,EXT082072761,Merchant/UPI Handle - Utility Payment,Payment Gateway,500,Cash Withdrawal
TXN00497,UTR240099180209,2024-07-18,07:35:51,82760561101,Guddi Bai,SBI,EXT082072761,Merchant/UPI Handle - Utility Payment,Payment Gateway,1200,UPI
TXN00510,UTR834095933628,2024-07-18,08:31:49,82760561101,Guddi Bai,SBI,EXT082072761,Merchant/UPI Handle - Utility Payment,Payment Gateway,7500,NEFT
TXN01424,UTR980893890100,2024-07-18,13:21:38,18633362450,Ajay Yadav,HDFC Bank,55933722348,Vikas Tomar,ICICI Bank,15000,Cash Deposit
TXN00658,UTR830653754739,2024-07-18,15:41:14,69705333835,Priya Singh,SBI,EXT082072761,Merchant/UPI Handle - Utility Payment,Payment Gateway,4000,UPI
TXN01215,UTR725451065292,2024-07-18,21:39:34,65117077513,Abid Khan,Kotak Mahindra Bank,EXT082072761,Merchant/UPI Handle - Utility Payment,Payment Gateway,4000,RTGS
TXN00018,UTR265324522594,2024-07-18,22:15:30,EXT113160374,Employer Pvt Ltd - Salary A/c,HDFC Bank,32412415786,Rakesh Kumar,SBI,35000,NEFT
TXN00601,UTR138808190590,2024-07-19,06:17:31,49471531912,Mahesh Chand Gupta,ICICI Bank,16568651026,Bhola Prasad,ICICI Bank,500,NEFT
TXN01361,UTR267811785932,2024-07-19,17:42:45,38708135078,Irfan Ali,Axis Bank,EXT082072761,Merchant/UPI Handle - Utility Payment,Payment Gateway,4000,Cash Deposit
TXN01469,UTR951685603204,2024-07-19,18:51:21,65580053757,Kavita Devi,Bank of Baroda,44760461844,Farhan Ahmed,Punjab National Bank,16325,UPI
TXN00449,UTR305631038425,2024-07-20,20:02:45,88481678051,Munna Tyagi,Punjab National Bank,EXT082072761,Merchant/UPI Handle - Utility Payment,Payment Gateway,4000,Cash Withdrawal
TXN01471,UTR239916329294,2024-07-20,23:31:20,65580053757,Kavita Devi,Bank of Baroda,36247945967,Rekha Devi,Bank of Baroda,10906,UPI
TXN01218,UTR713648709128,2024-07-21,06:41:42,65117077513,Abid Khan,Kotak Mahindra Bank,EXT082072761,Merchant/UPI Handle - Utility Payment,Payment Gateway,1200,UPI
TXN00222,UTR872680539491,2024-07-21,06:56:58,EXT113160374,Employer Pvt Ltd - Salary A/c,HDFC Bank,65580053757,Kavita Devi,Bank of Baroda,35000,NEFT
TXN00371,UTR658167361613,2024-07-21,08:00:26,EXT113160374,Employer Pvt Ltd - Salary A/c,HDFC Bank,80450816830,Chhotu Ansari,SBI,45000,NEFT
TXN00794,UTR811874242685,2024-07-21,11:00:27,35244533458,Sanjay Bhardwaj,Punjab National Bank,23680352646,Simran Kaur,Kotak Mahindra Bank,500,UPI
TXN00719,UTR444365641079,2024-07-21,12:29:58,78264257436,Naveen Kumar Sharma,SBI,EXT082072761,Merchant/UPI Handle - Utility Payment,Payment Gateway,2500,IMPS
TXN00679,UTR121979364717,2024-07-21,17:07:21,18056893044,Ramesh Chandra Pandey,Punjab National Bank,EXT082072761,Merchant/UPI Handle - Utility Payment,Payment Gateway,4000,UPI
TXN00120,UTR968280121736,2024-07-21,18:15:37,42679916140,Imran Sheikh,HDFC Bank,EXT082072761,Merchant/UPI Handle - Utility Payment,Payment Gateway,500,NEFT
TXN01235,UTR408794273970,2024-07-21,19:01:35,EXT113160374,Employer Pvt Ltd - Salary A/c,HDFC Bank,64162634588,Rajesh Sinha,SBI,45000,NEFT
TXN01024,UTR968531367235,2024-07-21,19:39:10,64281559570,Rohan Kapoor,HDFC Bank,94695183670,Vivek Malhotra,Axis Bank,2500,Cash Withdrawal
TXN00741,UTR301749134345,2024-07-21,19:52:41,78264257436,Naveen Kumar Sharma,SBI,38708135078,Irfan Ali,Axis Bank,4000,IMPS
TXN00735,UTR720677551562,2024-07-22,07:32:40,78264257436,Naveen Kumar Sharma,SBI,44760461844,Farhan Ahmed,Punjab National Bank,2500,IMPS
TXN01425,UTR336871174747,2024-07-22,10:44:11,55933722348,Vikas Tomar,ICICI Bank,32412415786,Rakesh Kumar,SBI,6000,Cash Deposit
TXN01039,UTR629765883709,2024-07-22,13:20:05,86831863542,Neha Agarwal,Axis Bank,EXT082072761,Merchant/UPI Handle - Utility Payment,Payment Gateway,500,Cash Deposit
TXN01309,UTR813019028828,2024-07-22,17:37:41,EXT113160374,Employer Pvt Ltd - Salary A/c,HDFC Bank,76092570588,Deepak Yadav,SBI,35000,NEFT
TXN01052,UTR210676055548,2024-07-22,19:29:40,EXT113160374,Employer Pvt Ltd - Salary A/c,HDFC Bank,86831863542,Neha Agarwal,Axis Bank,35000,NEFT
TXN00940,UTR989119458463,2024-07-23,06:20:58,EXT113160374,Employer Pvt Ltd - Salary A/c,HDFC Bank,41492355953,Arjun Mehta,ICICI Bank,22000,NEFT
TXN00606,UTR998094479502,2024-07-23,20:07:36,EXT113160374,Employer Pvt Ltd - Salary A/c,HDFC Bank,49471531912,Mahesh Chand Gupta,ICICI Bank,45000,NEFT
TXN00330,UTR445149627918,2024-07-23,20:54:55,16568651026,Bhola Prasad,ICICI Bank,35059071685,Sunita Rawat,HDFC Bank,2500,Cash Deposit
TXN00615,UTR558094819975,2024-07-23,22:49:05,68826141830,Suresh Kumar Jain,Axis Bank,94695183670,Vivek Malhotra,Axis Bank,1200,IMPS
TXN00095,UTR795452708856,2024-07-24,13:54:02,55933722348,Vikas Tomar,ICICI Bank,EXT082072761,Merchant/UPI Handle - Utility Payment,Payment Gateway,500,UPI
TXN00235,UTR879094647257,2024-07-24,14:37:52,EXT113160374,Employer Pvt Ltd - Salary A/c,HDFC Bank,65580053757,Kavita Devi,Bank of Baroda,45000,NEFT
TXN00665,UTR261252149524,2024-07-24,21:35:06,18056893044,Ramesh Chandra Pandey,Punjab National Bank,EXT082072761,Merchant/UPI Handle - Utility Payment,Payment Gateway,1200,RTGS
TXN00534,UTR486771032189,2024-07-25,13:07:49,44396022575,Chandu Meena,Axis Bank,EXT082072761,Merchant/UPI Handle - Utility Payment,Payment Gateway,500,Cash Withdrawal
TXN00742,UTR335165179594,2024-07-25,14:36:40,EXT113160374,Employer Pvt Ltd - Salary A/c,HDFC Bank,78264257436,Naveen Kumar Sharma,SBI,22000,NEFT
TXN01254,UTR707418861124,2024-07-25,17:00:48,64162634588,Rajesh Sinha,SBI,EXT082072761,Merchant/UPI Handle - Utility Payment,Payment Gateway,7500,Cash Deposit
TXN00302,UTR578825661233,2024-07-25,18:07:47,08198427361,Amit Verma,SBI,18633362450,Ajay Yadav,HDFC Bank,500,UPI
TXN00723,UTR474128293490,2024-07-25,19:13:27,EXT113160374,Employer Pvt Ltd - Salary A/c,HDFC Bank,78264257436,Naveen Kumar Sharma,SBI,45000,NEFT
TXN00230,UTR139352043055,2024-07-26,08:44:43,EXT113160374,Employer Pvt Ltd - Salary A/c,HDFC Bank,65580053757,Kavita Devi,Bank of Baroda,60000,NEFT
TXN01277,UTR595370788326,2024-07-26,10:34:12,52365451928,Farhana Begum,Kotak Mahindra Bank,93902439957,Aditya Rathore,Axis Bank,7500,Cash Withdrawal
TXN01168,UTR379617674011,2024-07-26,17:19:13,75073462726,Meera Nair,ICICI Bank,64733283579,Nikhil Sharma,Punjab National Bank,4000,Cash Deposit
TXN00919,UTR422305860798,2024-07-26,18:47:45,EXT113160374,Employer Pvt Ltd - Salary A/c,HDFC Bank,43588299843,Kavya Reddy,HDFC Bank,45000,NEFT
TXN00462,UTR278210096728,2024-07-27,14:26:25,90413217740,Pappu Solanki,Kotak Mahindra Bank,EXT082072761,Merchant/UPI Handle - Utility Payment,Payment Gateway,7500,NEFT
TXN01059,UTR623069888454,2024-07-27,15:45:13,EXT113160374,Employer Pvt Ltd - Salary A/c,HDFC Bank,86831863542,Neha Agarwal,Axis Bank,22000,NEFT
TXN00885,UTR522465343235,2024-07-27,17:52:48,79909315319,Pranay Dutta Roy,Axis Bank,EXT082072761,Merchant/UPI Handle - Utility Payment,Payment Gateway,7500,UPI
TXN00992,UTR376504296352,2024-07-27,21:29:47,23680352646,Simran Kaur,Kotak Mahindra Bank,EXT082072761,Merchant/UPI Handle - Utility Payment,Payment Gateway,2500,UPI
TXN00117,UTR201281995484,2024-07-27,23:56:57,42679916140,Imran Sheikh,HDFC Bank,EXT082072761,Merchant/UPI Handle - Utility Payment,Payment Gateway,4000,IMPS
TXN01450,UTR224636967955,2024-07-28,13:36:45,43686792403,Salman Qureshi,SBI,65580053757,Kavita Devi,Bank of Baroda,90000,Cash Deposit
TXN00390,UTR960283579200,2024-07-28,19:01:03,05606834229,Lakhan Singh Bhatti,SBI,EXT082072761,Merchant/UPI Handle - Utility Payment,Payment Gateway,500,UPI
TXN00928,UTR431141593820,2024-07-28,21:49:01,41492355953,Arjun Mehta,ICICI Bank,49471531912,Mahesh Chand Gupta,ICICI Bank,2500,Cash Deposit
TXN01110,UTR885898246606,2024-07-28,22:55:01,93902439957,Aditya Rathore,Axis Bank,82760561101,Guddi Bai,SBI,1200,NEFT
TXN01452,UTR588147960849,2024-07-29,11:57:47,65580053757,Kavita Devi,Bank of Baroda,76092570588,Deepak Yadav,SBI,17648,UPI
TXN00446,UTR603734037593,2024-07-29,14:02:30,EXT113160374,Employer Pvt Ltd - Salary A/c,HDFC Bank,88481678051,Munna Tyagi,Punjab National Bank,18000,NEFT
TXN01008,UTR835312207461,2024-07-29,16:02:25,64281559570,Rohan Kapoor,HDFC Bank,16568651026,Bhola Prasad,ICICI Bank,500,Cash Deposit
TXN01023,UTR328371549433,2024-07-29,18:14:40,EXT113160374,Employer Pvt Ltd - Salary A/c,HDFC Bank,64281559570,Rohan Kapoor,HDFC Bank,18000,NEFT
TXN00430,UTR385153147789,2024-07-29,18:17:21,88481678051,Munna Tyagi,Punjab National Bank,32412415786,Rakesh Kumar,SBI,500,IMPS
TXN01203,UTR658352793619,2024-07-29,19:31:48,65117077513,Abid Khan,Kotak Mahindra Bank,EXT082072761,Merchant/UPI Handle - Utility Payment,Payment Gateway,2500,NEFT
TXN00388,UTR680252127065,2024-07-29,20:00:16,05606834229,Lakhan Singh Bhatti,SBI,44760461844,Farhan Ahmed,Punjab National Bank,500,IMPS
TXN00725,UTR415220355941,2024-07-29,21:17:12,78264257436,Naveen Kumar Sharma,SBI,EXT082072761,Merchant/UPI Handle - Utility Payment,Payment Gateway,1200,NEFT
TXN01226,UTR795797580874,2024-07-29,22:11:31,65117077513,Abid Khan,Kotak Mahindra Bank,76092570588,Deepak Yadav,SBI,7500,IMPS
TXN00856,UTR233946214887,2024-07-29,23:23:32,94695183670,Vivek Malhotra,Axis Bank,EXT082072761,Merchant/UPI Handle - Utility Payment,Payment Gateway,7500,Cash Withdrawal
TXN00787,UTR320104701523,2024-07-30,14:19:03,35244533458,Sanjay Bhardwaj,Punjab National Bank,68040380973,Sunil Malik,ICICI Bank,7500,Cash Deposit
TXN00629,UTR253177242010,2024-07-30,15:26:56,EXT113160374,Employer Pvt Ltd - Salary A/c,HDFC Bank,68826141830,Suresh Kumar Jain,Axis Bank,45000,NEFT
TXN00126,UTR176270869873,2024-07-30,18:47:02,EXT113160374,Employer Pvt Ltd - Salary A/c,HDFC Bank,42679916140,Imran Sheikh,HDFC Bank,45000,NEFT
TXN00970,UTR934049893781,2024-07-30,20:40:35,23680352646,Simran Kaur,Kotak Mahindra Bank,EXT082072761,Merchant/UPI Handle - Utility Payment,Payment Gateway,500,Cash Deposit
TXN00560,UTR346197276558,2024-07-31,06:08:45,24798510995,Rustam Ali,Bank of Baroda,EXT082072761,Merchant/UPI Handle - Utility Payment,Payment Gateway,500,RTGS
TXN00671,UTR623709848992,2024-07-31,06:39:54,18056893044,Ramesh Chandra Pandey,Punjab National Bank,EXT082072761,Merchant/UPI Handle - Utility Payment,Payment Gateway,7500,IMPS
TXN01190,UTR466087285023,2024-07-31,07:14:37,EXT113160374,Employer Pvt Ltd - Salary A/c,HDFC Bank,10884387334,Yash Chopra,Bank of Baroda,35000,NEFT
TXN00132,UTR953583200902,2024-07-31,08:38:19,42679916140,Imran Sheikh,HDFC Bank,EXT082072761,Merchant/UPI Handle - Utility Payment,Payment Gateway,7500,Cash Withdrawal
TXN01334,UTR229984879542,2024-07-31,11:19:58,76092570588,Deepak Yadav,SBI,EXT082072761,Merchant/UPI Handle - Utility Payment,Payment Gateway,2500,NEFT
TXN01453,UTR299271008280,2024-07-31,11:21:54,65580053757,Kavita Devi,Bank of Baroda,EXT994804666,Unregistered Third-Party A/c,Unknown Bank,21770,UPI
TXN00769,UTR506472186132,2024-07-31,15:06:28,44760461844,Farhan Ahmed,Punjab National Bank,EXT082072761,Merchant/UPI Handle - Utility Payment,Payment Gateway,2500,RTGS
TXN00007,UTR164161490801,2024-07-31,18:50:38,EXT113160374,Employer Pvt Ltd - Salary A/c,HDFC Bank,32412415786,Rakesh Kumar,SBI,22000,NEFT
TXN00713,UTR986037799642,2024-07-31,21:07:07,41992454521,Anita Rani,Axis Bank,EXT082072761,Merchant/UPI Handle - Utility Payment,Payment Gateway,1200,Cash Withdrawal
TXN01249,UTR642292164563,2024-08-01,13:12:15,64162634588,Rajesh Sinha,SBI,93902439957,Aditya Rathore,Axis Bank,4000,UPI
TXN00782,UTR826724078648,2024-08-01,17:18:26,35244533458,Sanjay Bhardwaj,Punjab National Bank,EXT082072761,Merchant/UPI Handle - Utility Payment,Payment Gateway,1200,Cash Withdrawal
TXN01239,UTR121834337286,2024-08-01,19:10:58,64162634588,Rajesh Sinha,SBI,EXT082072761,Merchant/UPI Handle - Utility Payment,Payment Gateway,1200,RTGS
TXN01451,UTR252521549234,2024-08-02,09:14:53,65580053757,Kavita Devi,Bank of Baroda,93902439957,Aditya Rathore,Axis Bank,26993,UPI
TXN00773,UTR703859829056,2024-08-02,11:44:14,44760461844,Farhan Ahmed,Punjab National Bank,09094330418,Karan Malhotra,HDFC Bank,7500,NEFT
TXN00527,UTR471663353604,2024-08-02,13:30:04,EXT113160374,Employer Pvt Ltd - Salary A/c,HDFC Bank,44396022575,Chandu Meena,Axis Bank,22000,NEFT
TXN00707,UTR967230967127,2024-08-02,14:59:57,41992454521,Anita Rani,Axis Bank,64733283579,Nikhil Sharma,Punjab National Bank,1200,Cash Withdrawal
TXN01454,UTR727262289089,2024-08-02,19:29:45,65580053757,Kavita Devi,Bank of Baroda,78264257436,Naveen Kumar Sharma,SBI,23589,UPI
TXN00947,UTR250330511679,2024-08-02,21:54:00,41492355953,Arjun Mehta,ICICI Bank,94695183670,Vivek Malhotra,Axis Bank,4000,IMPS
TXN00021,UTR673296618763,2024-08-03,10:07:33,68040380973,Sunil Malik,ICICI Bank,76092570588,Deepak Yadav,SBI,2500,Cash Withdrawal
TXN00322,UTR949405160553,2024-08-04,06:05:53,38037979360,Rohit Bansal,ICICI Bank,41492355953,Arjun Mehta,ICICI Bank,7500,RTGS
TXN00857,UTR278049059139,2024-08-04,07:40:56,EXT113160374,Employer Pvt Ltd - Salary A/c,HDFC Bank,94695183670,Vivek Malhotra,Axis Bank,35000,NEFT
TXN00918,UTR251040761266,2024-08-04,09:22:03,43588299843,Kavya Reddy,HDFC Bank,EXT082072761,Merchant/UPI Handle - Utility Payment,Payment Gateway,2500,UPI
TXN00957,UTR355523379923,2024-08-04,13:48:59,41492355953,Arjun Mehta,ICICI Bank,EXT082072761,Merchant/UPI Handle - Utility Payment,Payment Gateway,4000,RTGS
TXN00570,UTR877035430344,2024-08-04,21:21:02,24798510995,Rustam Ali,Bank of Baroda,43686792403,Salman Qureshi,SBI,4000,IMPS
TXN00840,UTR715466124252,2024-08-05,06:40:44,94695183670,Vivek Malhotra,Axis Bank,EXT082072761,Merchant/UPI Handle - Utility Payment,Payment Gateway,7500,Cash Withdrawal
TXN00448,UTR789253550999,2024-08-05,06:58:11,EXT113160374,Employer Pvt Ltd - Salary A/c,HDFC Bank,88481678051,Munna Tyagi,Punjab National Bank,22000,NEFT
TXN00385,UTR170888338338,2024-08-05,09:21:47,05606834229,Lakhan Singh Bhatti,SBI,EXT082072761,Merchant/UPI Handle - Utility Payment,Payment Gateway,2500,NEFT
TXN01122,UTR632395309013,2024-08-05,14:34:09,71327117523,Ishita Bose,SBI,EXT082072761,Merchant/UPI Handle - Utility Payment,Payment Gateway,7500,UPI
TXN00619,UTR447843354024,2024-08-05,15:53:17,68826141830,Suresh Kumar Jain,Axis Bank,EXT082072761,Merchant/UPI Handle - Utility Payment,Payment Gateway,1200,Cash Deposit
TXN01253,UTR842185422951,2024-08-05,21:10:57,64162634588,Rajesh Sinha,SBI,35244533458,Sanjay Bhardwaj,Punjab National Bank,7500,Cash Withdrawal
TXN01394,UTR316861962697,2024-08-05,22:04:51,68815550998,Poonam Chawla,Punjab National Bank,EXT082072761,Merchant/UPI Handle - Utility Payment,Payment Gateway,4000,Cash Withdrawal
TXN00500,UTR981273714824,2024-08-06,14:12:58,82760561101,Guddi Bai,SBI,EXT082072761,Merchant/UPI Handle - Utility Payment,Payment Gateway,2500,Cash Withdrawal
TXN00901,UTR700263177488,2024-08-06,15:49:34,79909315319,Pranay Dutta Roy,Axis Bank,EXT082072761,Merchant/UPI Handle - Utility Payment,Payment Gateway,1200,Cash Withdrawal
TXN00544,UTR372598236158,2024-08-06,16:43:49,44396022575,Chandu Meena,Axis Bank,EXT082072761,Merchant/UPI Handle - Utility Payment,Payment Gateway,500,RTGS
TXN00575,UTR294002404175,2024-08-06,16:50:21,EXT113160374,Employer Pvt Ltd - Salary A/c,HDFC Bank,24798510995,Rustam Ali,Bank of Baroda,60000,NEFT
TXN01144,UTR300808836052,2024-08-06,18:02:40,EXT113160374,Employer Pvt Ltd - Salary A/c,HDFC Bank,09094330418,Karan Malhotra,HDFC Bank,35000,NEFT
TXN00503,UTR997914378179,2024-08-06,19:28:35,82760561101,Guddi Bai,SBI,35244533458,Sanjay Bhardwaj,Punjab National Bank,2500,Cash Withdrawal
TXN00805,UTR340889052609,2024-08-07,14:16:23,35244533458,Sanjay Bhardwaj,Punjab National Bank,64281559570,Rohan Kapoor,HDFC Bank,4000,Cash Withdrawal
TXN01373,UTR763885724158,2024-08-08,16:01:08,38708135078,Irfan Ali,Axis Bank,EXT082072761,Merchant/UPI Handle - Utility Payment,Payment Gateway,7500,RTGS
TXN00618,UTR953807939098,2024-08-08,23:40:21,EXT113160374,Employer Pvt Ltd - Salary A/c,HDFC Bank,68826141830,Suresh Kumar Jain,Axis Bank,22000,NEFT
TXN00881,UTR179416154827,2024-08-09,08:33:45,79909315319,Pranay Dutta Roy,Axis Bank,42679916140,Imran Sheikh,HDFC Bank,1200,NEFT
TXN00270,UTR714001969449,2024-08-09,15:54:19,64733283579,Nikhil Sharma,Punjab National Bank,EXT082072761,Merchant/UPI Handle - Utility Payment,Payment Gateway,1200,Cash Deposit
TXN01034,UTR433127686169,2024-08-09,16:49:45,64281559570,Rohan Kapoor,HDFC Bank,35244533458,Sanjay Bhardwaj,Punjab National Bank,1200,Cash Withdrawal
TXN00625,UTR223730250580,2024-08-09,23:05:02,68826141830,Suresh Kumar Jain,Axis Bank,EXT082072761,Merchant/UPI Handle - Utility Payment,Payment Gateway,2500,Cash Withdrawal
TXN01476,UTR670581748224,2024-08-10,06:21:53,08198427361,Amit Verma,SBI,64733283579,Nikhil Sharma,Punjab National Bank,27157,IMPS
TXN01475,UTR303226316048,2024-08-10,07:46:38,94695183670,Vivek Malhotra,Axis Bank,08198427361,Amit Verma,SBI,32000,UPI
TXN01202,UTR644510732153,2024-08-10,15:20:45,65117077513,Abid Khan,Kotak Mahindra Bank,EXT082072761,Merchant/UPI Handle - Utility Payment,Payment Gateway,4000,Cash Withdrawal
TXN00530,UTR370103694524,2024-08-10,17:16:09,44396022575,Chandu Meena,Axis Bank,EXT082072761,Merchant/UPI Handle - Utility Payment,Payment Gateway,500,IMPS
TXN00489,UTR328759781553,2024-08-11,06:14:57,EXT113160374,Employer Pvt Ltd - Salary A/c,HDFC Bank,90413217740,Pappu Solanki,Kotak Mahindra Bank,18000,NEFT
TXN01370,UTR506027468281,2024-08-11,07:54:53,38708135078,Irfan Ali,Axis Bank,05606834229,Lakhan Singh Bhatti,SBI,4000,Cash Withdrawal
TXN00507,UTR374677863231,2024-08-11,16:30:40,82760561101,Guddi Bai,SBI,24798510995,Rustam Ali,Bank of Baroda,500,NEFT
TXN00519,UTR567096042591,2024-08-12,12:02:28,EXT113160374,Employer Pvt Ltd - Salary A/c,HDFC Bank,82760561101,Guddi Bai,SBI,35000,NEFT
TXN01040,UTR418021278142,2024-08-12,17:12:45,86831863542,Neha Agarwal,Axis Bank,32412415786,Rakesh Kumar,SBI,2500,Cash Withdrawal
TXN00285,UTR497866955627,2024-08-12,19:01:50,08198427361,Amit Verma,SBI,EXT082072761,Merchant/UPI Handle - Utility Payment,Payment Gateway,1200,Cash Deposit
TXN01386,UTR187708550551,2024-08-12,22:52:17,EXT113160374,Employer Pvt Ltd - Salary A/c,HDFC Bank,68815550998,Poonam Chawla,Punjab National Bank,45000,NEFT
TXN01213,UTR291009694294,2024-08-13,08:57:40,65117077513,Abid Khan,Kotak Mahindra Bank,EXT082072761,Merchant/UPI Handle - Utility Payment,Payment Gateway,4000,RTGS
TXN00599,UTR102561207071,2024-08-13,09:27:30,49471531912,Mahesh Chand Gupta,ICICI Bank,EXT082072761,Merchant/UPI Handle - Utility Payment,Payment Gateway,1200,Cash Withdrawal
TXN00934,UTR625321620242,2024-08-13,11:51:21,41492355953,Arjun Mehta,ICICI Bank,EXT082072761,Merchant/UPI Handle - Utility Payment,Payment Gateway,500,NEFT
TXN00925,UTR988867890297,2024-08-13,14:13:05,43588299843,Kavya Reddy,HDFC Bank,EXT082072761,Merchant/UPI Handle - Utility Payment,Payment Gateway,500,NEFT
TXN01401,UTR198972314945,2024-08-13,17:31:50,EXT113160374,Employer Pvt Ltd - Salary A/c,HDFC Bank,32437664397,Manoj Tiwari,Kotak Mahindra Bank,45000,NEFT
TXN01372,UTR654628365806,2024-08-13,20:27:00,38708135078,Irfan Ali,Axis Bank,EXT082072761,Merchant/UPI Handle - Utility Payment,Payment Gateway,500,RTGS
TXN01274,UTR230177746550,2024-08-14,08:43:19,52365451928,Farhana Begum,Kotak Mahindra Bank,32437664397,Manoj Tiwari,Kotak Mahindra Bank,500,NEFT
TXN00587,UTR956397762682,2024-08-14,09:29:04,24798510995,Rustam Ali,Bank of Baroda,EXT082072761,Merchant/UPI Handle - Utility Payment,Payment Gateway,2500,IMPS
TXN01092,UTR866417438099,2024-08-14,10:22:25,93902439957,Aditya Rathore,Axis Bank,EXT082072761,Merchant/UPI Handle - Utility Payment,Payment Gateway,2500,IMPS
TXN00655,UTR809590607478,2024-08-14,20:15:49,69705333835,Priya Singh,SBI,EXT082072761,Merchant/UPI Handle - Utility Payment,Payment Gateway,2500,UPI
TXN01258,UTR919462582408,2024-08-14,21:28:59,EXT113160374,Employer Pvt Ltd - Salary A/c,HDFC Bank,64162634588,Rajesh Sinha,SBI,18000,NEFT
TXN00053,UTR756406692496,2024-08-15,08:09:06,68040380973,Sunil Malik,ICICI Bank,EXT082072761,Merchant/UPI Handle - Utility Payment,Payment Gateway,1200,NEFT
TXN00048,UTR987411056219,2024-08-15,08:20:17,68040380973,Sunil Malik,ICICI Bank,88481678051,Munna Tyagi,Punjab National Bank,4000,IMPS
TXN00825,UTR811163567784,2024-08-15,13:08:57,EXT113160374,Employer Pvt Ltd - Salary A/c,HDFC Bank,36247945967,Rekha Devi,Bank of Baroda,35000,NEFT
TXN00872,UTR849360566447,2024-08-15,18:36:58,94695183670,Vivek Malhotra,Axis Bank,68826141830,Suresh Kumar Jain,Axis Bank,4000,UPI
TXN00344,UTR797251394473,2024-08-16,09:08:38,EXT113160374,Employer Pvt Ltd - Salary A/c,HDFC Bank,16568651026,Bhola Prasad,ICICI Bank,45000,NEFT
TXN01232,UTR873066938999,2024-08-16,17:24:28,65117077513,Abid Khan,Kotak Mahindra Bank,EXT082072761,Merchant/UPI Handle - Utility Payment,Payment Gateway,1200,UPI
TXN00063,UTR540604441015,2024-08-16,19:18:06,18633362450,Ajay Yadav,HDFC Bank,EXT082072761,Merchant/UPI Handle - Utility Payment,Payment Gateway,7500,Cash Withdrawal
TXN00389,UTR339793833223,2024-08-16,22:49:40,05606834229,Lakhan Singh Bhatti,SBI,EXT082072761,Merchant/UPI Handle - Utility Payment,Payment Gateway,7500,Cash Deposit
TXN00029,UTR900096242970,2024-08-17,17:45:57,68040380973,Sunil Malik,ICICI Bank,42679916140,Imran Sheikh,HDFC Bank,2500,RTGS
TXN00602,UTR336977631544,2024-08-17,21:49:25,EXT113160374,Employer Pvt Ltd - Salary A/c,HDFC Bank,49471531912,Mahesh Chand Gupta,ICICI Bank,22000,NEFT
TXN00954,UTR582649012342,2024-08-18,14:03:23,41492355953,Arjun Mehta,ICICI Bank,EXT082072761,Merchant/UPI Handle - Utility Payment,Payment Gateway,7500,NEFT
TXN00106,UTR622858044500,2024-08-19,06:49:00,55933722348,Vikas Tomar,ICICI Bank,EXT082072761,Merchant/UPI Handle - Utility Payment,Payment Gateway,1200,IMPS
TXN00280,UTR258689930271,2024-08-19,14:51:43,08198427361,Amit Verma,SBI,94695183670,Vivek Malhotra,Axis Bank,1200,NEFT
TXN00540,UTR621562217732,2024-08-20,10:52:36,44396022575,Chandu Meena,Axis Bank,79909315319,Pranay Dutta Roy,Axis Bank,2500,RTGS
TXN01142,UTR976635975606,2024-08-20,11:07:13,09094330418,Karan Malhotra,HDFC Bank,43588299843,Kavya Reddy,HDFC Bank,2500,NEFT
TXN00836,UTR746719651864,2024-08-20,16:18:49,36247945967,Rekha Devi,Bank of Baroda,69705333835,Priya Singh,SBI,4000,Cash Withdrawal
TXN00739,UTR807883498391,2024-08-20,17:13:20,EXT113160374,Employer Pvt Ltd - Salary A/c,HDFC Bank,78264257436,Naveen Kumar Sharma,SBI,60000,NEFT
TXN01209,UTR919970492393,2024-08-20,20:09:05,65117077513,Abid Khan,Kotak Mahindra Bank,79909315319,Pranay Dutta Roy,Axis Bank,1200,Cash Deposit
TXN00045,UTR746525395339,2024-08-20,20:42:46,68040380973,Sunil Malik,ICICI Bank,68815550998,Poonam Chawla,Punjab National Bank,4000,Cash Withdrawal
TXN00016,UTR645712163642,2024-08-21,12:21:49,32412415786,Rakesh Kumar,SBI,EXT082072761,Merchant/UPI Handle - Utility Payment,Payment Gateway,1200,UPI
TXN00247,UTR178741284222,2024-08-21,13:20:01,64733283579,Nikhil Sharma,Punjab National Bank,24798510995,Rustam Ali,Bank of Baroda,1200,UPI
TXN00177,UTR226620719337,2024-08-21,13:34:43,EXT113160374,Employer Pvt Ltd - Salary A/c,HDFC Bank,43686792403,Salman Qureshi,SBI,45000,NEFT
TXN00288,UTR127368602991,2024-08-21,19:22:31,08198427361,Amit Verma,SBI,44760461844,Farhan Ahmed,Punjab National Bank,1200,Cash Withdrawal
TXN00800,UTR386068886039,2024-08-22,07:50:19,35244533458,Sanjay Bhardwaj,Punjab National Bank,35059071685,Sunita Rawat,HDFC Bank,7500,NEFT
TXN00212,UTR800144529829,2024-08-22,21:42:55,EXT113160374,Employer Pvt Ltd - Salary A/c,HDFC Bank,65580053757,Kavita Devi,Bank of Baroda,35000,NEFT
TXN00743,UTR271612666422,2024-08-22,23:13:46,78264257436,Naveen Kumar Sharma,SBI,68815550998,Poonam Chawla,Punjab National Bank,2500,Cash Deposit
TXN00531,UTR755833929250,2024-08-23,15:46:30,44396022575,Chandu Meena,Axis Bank,EXT082072761,Merchant/UPI Handle - Utility Payment,Payment Gateway,2500,IMPS
TXN00866,UTR354731833772,2024-08-23,17:44:29,94695183670,Vivek Malhotra,Axis Bank,55933722348,Vikas Tomar,ICICI Bank,7500,RTGS
TXN00592,UTR951729159116,2024-08-23,20:01:03,EXT113160374,Employer Pvt Ltd - Salary A/c,HDFC Bank,49471531912,Mahesh Chand Gupta,ICICI Bank,60000,NEFT
TXN00221,UTR986439485995,2024-08-24,10:04:53,EXT113160374,Employer Pvt Ltd - Salary A/c,HDFC Bank,65580053757,Kavita Devi,Bank of Baroda,60000,NEFT
TXN00253,UTR727401169597,2024-08-24,13:54:09,EXT113160374,Employer Pvt Ltd - Salary A/c,HDFC Bank,64733283579,Nikhil Sharma,Punjab National Bank,35000,NEFT
TXN01343,UTR500460542153,2024-08-24,18:46:03,35059071685,Sunita Rawat,HDFC Bank,41492355953,Arjun Mehta,ICICI Bank,4000,Cash Deposit
TXN00807,UTR635123685964,2024-08-24,18:56:56,35244533458,Sanjay Bhardwaj,Punjab National Bank,EXT082072761,Merchant/UPI Handle - Utility Payment,Payment Gateway,1200,UPI
TXN00249,UTR785519380888,2024-08-25,22:18:04,EXT113160374,Employer Pvt Ltd - Salary A/c,HDFC Bank,64733283579,Nikhil Sharma,Punjab National Bank,35000,NEFT
TXN00080,UTR154611690189,2024-08-26,10:00:38,55933722348,Vikas Tomar,ICICI Bank,EXT082072761,Merchant/UPI Handle - Utility Payment,Payment Gateway,500,IMPS
TXN00486,UTR558785417269,2024-08-26,12:28:35,90413217740,Pappu Solanki,Kotak Mahindra Bank,EXT082072761,Merchant/UPI Handle - Utility Payment,Payment Gateway,1200,Cash Withdrawal
TXN01369,UTR135612392130,2024-08-26,15:41:15,38708135078,Irfan Ali,Axis Bank,EXT082072761,Merchant/UPI Handle - Utility Payment,Payment Gateway,4000,Cash Deposit
TXN00670,UTR512688357330,2024-08-27,09:00:28,EXT113160374,Employer Pvt Ltd - Salary A/c,HDFC Bank,18056893044,Ramesh Chandra Pandey,Punjab National Bank,35000,NEFT
TXN00788,UTR713824744814,2024-08-27,15:12:19,EXT113160374,Employer Pvt Ltd - Salary A/c,HDFC Bank,35244533458,Sanjay Bhardwaj,Punjab National Bank,35000,NEFT
TXN00644,UTR306031423197,2024-08-27,23:53:01,69705333835,Priya Singh,SBI,54219677717,Deepak Chaudhary,ICICI Bank,500,IMPS
TXN00521,UTR260920316837,2024-08-29,09:18:12,82760561101,Guddi Bai,SBI,EXT082072761,Merchant/UPI Handle - Utility Payment,Payment Gateway,7500,NEFT
TXN01283,UTR737524223454,2024-08-29,12:33:53,EXT113160374,Employer Pvt Ltd - Salary A/c,HDFC Bank,52365451928,Farhana Begum,Kotak Mahindra Bank,18000,NEFT
TXN00682,UTR358021504519,2024-08-29,12:34:59,18056893044,Ramesh Chandra Pandey,Punjab National Bank,EXT082072761,Merchant/UPI Handle - Utility Payment,Payment Gateway,1200,Cash Deposit
TXN00340,UTR667099006106,2024-08-30,23:17:17,EXT113160374,Employer Pvt Ltd - Salary A/c,HDFC Bank,16568651026,Bhola Prasad,ICICI Bank,22000,NEFT
TXN00180,UTR931321848319,2024-08-31,17:09:43,EXT113160374,Employer Pvt Ltd - Salary A/c,HDFC Bank,43686792403,Salman Qureshi,SBI,18000,NEFT
TXN00580,UTR100240631718,2024-08-31,23:41:54,EXT113160374,Employer Pvt Ltd - Salary A/c,HDFC Bank,24798510995,Rustam Ali,Bank of Baroda,45000,NEFT
TXN01094,UTR416057629597,2024-09-01,10:07:11,93902439957,Aditya Rathore,Axis Bank,42679916140,Imran Sheikh,HDFC Bank,1200,NEFT
TXN00420,UTR645952594650,2024-09-01,10:35:26,05606834229,Lakhan Singh Bhatti,SBI,EXT082072761,Merchant/UPI Handle - Utility Payment,Payment Gateway,500,RTGS
TXN01109,UTR530172459071,2024-09-01,11:35:11,93902439957,Aditya Rathore,Axis Bank,EXT082072761,Merchant/UPI Handle - Utility Payment,Payment Gateway,2500,NEFT
TXN00546,UTR275167375430,2024-09-01,21:10:14,44396022575,Chandu Meena,Axis Bank,EXT082072761,Merchant/UPI Handle - Utility Payment,Payment Gateway,1200,Cash Deposit
TXN01103,UTR544590521261,2024-09-01,23:13:28,93902439957,Aditya Rathore,Axis Bank,EXT082072761,Merchant/UPI Handle - Utility Payment,Payment Gateway,4000,RTGS
TXN00216,UTR431196822460,2024-09-02,06:15:05,65580053757,Kavita Devi,Bank of Baroda,EXT082072761,Merchant/UPI Handle - Utility Payment,Payment Gateway,1200,NEFT
TXN00378,UTR586599305702,2024-09-02,13:13:02,EXT113160374,Employer Pvt Ltd - Salary A/c,HDFC Bank,80450816830,Chhotu Ansari,SBI,45000,NEFT
TXN00958,UTR582126461533,2024-09-02,23:47:17,41492355953,Arjun Mehta,ICICI Bank,EXT082072761,Merchant/UPI Handle - Utility Payment,Payment Gateway,4000,NEFT
TXN01376,UTR964113059549,2024-09-03,09:25:42,68815550998,Poonam Chawla,Punjab National Bank,EXT082072761,Merchant/UPI Handle - Utility Payment,Payment Gateway,4000,IMPS
TXN00050,UTR277828978520,2024-09-03,13:34:17,68040380973,Sunil Malik,ICICI Bank,55933722348,Vikas Tomar,ICICI Bank,2500,IMPS
TXN01228,UTR252780813528,2024-09-03,16:52:04,EXT113160374,Employer Pvt Ltd - Salary A/c,HDFC Bank,65117077513,Abid Khan,Kotak Mahindra Bank,18000,NEFT
TXN00182,UTR656745451405,2024-09-03,20:34:22,43686792403,Salman Qureshi,SBI,82760561101,Guddi Bai,SBI,4000,Cash Withdrawal
TXN01287,UTR965396107997,2024-09-04,09:30:15,EXT113160374,Employer Pvt Ltd - Salary A/c,HDFC Bank,52365451928,Farhana Begum,Kotak Mahindra Bank,18000,NEFT
TXN01380,UTR539344876759,2024-09-04,10:19:15,EXT113160374,Employer Pvt Ltd - Salary A/c,HDFC Bank,68815550998,Poonam Chawla,Punjab National Bank,45000,NEFT
TXN00024,UTR955027675445,2024-09-04,11:32:29,EXT113160374,Employer Pvt Ltd - Salary A/c,HDFC Bank,68040380973,Sunil Malik,ICICI Bank,45000,NEFT
TXN00892,UTR419910295418,2024-09-04,11:42:01,79909315319,Pranay Dutta Roy,Axis Bank,EXT082072761,Merchant/UPI Handle - Utility Payment,Payment Gateway,1200,Cash Withdrawal
TXN00037,UTR374428708722,2024-09-04,15:50:27,68040380973,Sunil Malik,ICICI Bank,32437664397,Manoj Tiwari,Kotak Mahindra Bank,1200,Cash Deposit
TXN00295,UTR450025772224,2024-09-04,17:13:01,EXT113160374,Employer Pvt Ltd - Salary A/c,HDFC Bank,08198427361,Amit Verma,SBI,18000,NEFT
TXN01474,UTR449879294146,2024-09-05,06:00:56,08198427361,Amit Verma,SBI,64733283579,Nikhil Sharma,Punjab National Bank,184142,IMPS
TXN01481,UTR536993304811,2024-09-05,11:23:39,52365451928,Farhana Begum,Kotak Mahindra Bank,08198427361,Amit Verma,SBI,210000,UPI
TXN00184,UTR282967674774,2024-09-05,12:49:16,43686792403,Salman Qureshi,SBI,EXT082072761,Merchant/UPI Handle - Utility Payment,Payment Gateway,1200,RTGS
TXN00254,UTR728464125874,2024-09-05,14:00:25,64733283579,Nikhil Sharma,Punjab National Bank,35244533458,Sanjay Bhardwaj,Punjab National Bank,7500,NEFT
TXN01482,UTR655582231532,2024-09-05,19:26:06,08198427361,Amit Verma,SBI,64733283579,Nikhil Sharma,Punjab National Bank,166148,IMPS
TXN01150,UTR209350647112,2024-09-05,22:47:51,09094330418,Karan Malhotra,HDFC Bank,EXT082072761,Merchant/UPI Handle - Utility Payment,Payment Gateway,4000,RTGS
TXN01473,UTR400966198771,2024-09-05,23:57:09,65117077513,Abid Khan,Kotak Mahindra Bank,08198427361,Amit Verma,SBI,210000,UPI
TXN00223,UTR745666704340,2024-09-06,06:16:22,65580053757,Kavita Devi,Bank of Baroda,EXT082072761,Merchant/UPI Handle - Utility Payment,Payment Gateway,500,Cash Deposit
TXN00698,UTR373379657593,2024-09-06,07:59:21,41992454521,Anita Rani,Axis Bank,64162634588,Rajesh Sinha,SBI,1200,UPI
TXN00188,UTR320226350266,2024-09-06,12:44:44,43686792403,Salman Qureshi,SBI,EXT082072761,Merchant/UPI Handle - Utility Payment,Payment Gateway,1200,UPI
TXN00622,UTR473438247439,2024-09-06,15:29:24,EXT113160374,Employer Pvt Ltd - Salary A/c,HDFC Bank,68826141830,Suresh Kumar Jain,Axis Bank,18000,NEFT
TXN00168,UTR706114319884,2024-09-07,09:31:19,EXT113160374,Employer Pvt Ltd - Salary A/c,HDFC Bank,54219677717,Deepak Chaudhary,ICICI Bank,60000,NEFT
TXN00824,UTR345614116580,2024-09-07,14:07:56,36247945967,Rekha Devi,Bank of Baroda,EXT082072761,Merchant/UPI Handle - Utility Payment,Payment Gateway,1200,Cash Deposit
TXN01307,UTR464535571143,2024-09-08,08:01:42,76092570588,Deepak Yadav,SBI,55933722348,Vikas Tomar,ICICI Bank,7500,Cash Deposit
TXN01261,UTR670254139198,2024-09-08,11:47:49,64162634588,Rajesh Sinha,SBI,42679916140,Imran Sheikh,HDFC Bank,2500,Cash Deposit
TXN01225,UTR603212036805,2024-09-08,18:35:39,65117077513,Abid Khan,Kotak Mahindra Bank,EXT082072761,Merchant/UPI Handle - Utility Payment,Payment Gateway,7500,Cash Withdrawal
TXN01306,UTR894330102191,2024-09-08,20:53:01,EXT113160374,Employer Pvt Ltd - Salary A/c,HDFC Bank,76092570588,Deepak Yadav,SBI,18000,NEFT
TXN00251,UTR599795693522,2024-09-09,07:49:05,64733283579,Nikhil Sharma,Punjab National Bank,16568651026,Bhola Prasad,ICICI Bank,2500,IMPS
TXN00119,UTR647083570774,2024-09-09,14:38:45,EXT113160374,Employer Pvt Ltd - Salary A/c,HDFC Bank,42679916140,Imran Sheikh,HDFC Bank,18000,NEFT
TXN01459,UTR323500368550,2024-09-10,08:40:20,43686792403,Salman Qureshi,SBI,65580053757,Kavita Devi,Bank of Baroda,90000,Cash Deposit
TXN00335,UTR750192541806,2024-09-10,10:07:46,EXT113160374,Employer Pvt Ltd - Salary A/c,HDFC Bank,16568651026,Bhola Prasad,ICICI Bank,60000,NEFT
TXN00345,UTR610843878618,2024-09-10,12:09:48,16568651026,Bhola Prasad,ICICI Bank,EXT082072761,Merchant/UPI Handle - Utility Payment,Payment Gateway,1200,RTGS
TXN01396,UTR838497860653,2024-09-10,19:44:58,EXT113160374,Employer Pvt Ltd - Salary A/c,HDFC Bank,68815550998,Poonam Chawla,Punjab National Bank,18000,NEFT
TXN00438,UTR637379044601,2024-09-11,10:32:33,88481678051,Munna Tyagi,Punjab National Bank,35059071685,Sunita Rawat,HDFC Bank,4000,UPI
TXN00047,UTR222907075960,2024-09-11,12:21:36,68040380973,Sunil Malik,ICICI Bank,32412415786,Rakesh Kumar,SBI,500,Cash Withdrawal
TXN00894,UTR893208923822,2024-09-11,13:57:20,EXT113160374,Employer Pvt Ltd - Salary A/c,HDFC Bank,79909315319,Pranay Dutta Roy,Axis Bank,45000,NEFT
TXN00332,UTR252486441349,2024-09-11,14:09:27,16568651026,Bhola Prasad,ICICI Bank,EXT082072761,Merchant/UPI Handle - Utility Payment,Payment Gateway,2500,UPI
TXN00819,UTR804984272516,2024-09-11,21:22:51,36247945967,Rekha Devi,Bank of Baroda,EXT082072761,Merchant/UPI Handle - Utility Payment,Payment Gateway,7500,Cash Withdrawal
TXN00318,UTR298227821563,2024-09-12,16:32:47,EXT113160374,Employer Pvt Ltd - Salary A/c,HDFC Bank,38037979360,Rohit Bansal,ICICI Bank,45000,NEFT
TXN00099,UTR733241484959,2024-09-12,18:32:34,55933722348,Vikas Tomar,ICICI Bank,EXT082072761,Merchant/UPI Handle - Utility Payment,Payment Gateway,4000,IMPS
TXN01108,UTR254394465532,2024-09-12,19:45:06,93902439957,Aditya Rathore,Axis Bank,23680352646,Simran Kaur,Kotak Mahindra Bank,7500,NEFT
TXN00684,UTR807847502621,2024-09-13,07:48:32,18056893044,Ramesh Chandra Pandey,Punjab National Bank,EXT082072761,Merchant/UPI Handle - Utility Payment,Payment Gateway,1200,NEFT
TXN00478,UTR618977657683,2024-09-13,09:17:30,EXT113160374,Employer Pvt Ltd - Salary A/c,HDFC Bank,90413217740,Pappu Solanki,Kotak Mahindra Bank,60000,NEFT
TXN00062,UTR710770243722,2024-09-13,10:46:23,EXT113160374,Employer Pvt Ltd - Salary A/c,HDFC Bank,18633362450,Ajay Yadav,HDFC Bank,60000,NEFT
TXN00484,UTR735113111991,2024-09-13,14:59:46,EXT113160374,Employer Pvt Ltd - Salary A/c,HDFC Bank,90413217740,Pappu Solanki,Kotak Mahindra Bank,22000,NEFT
TXN00085,UTR204451828766,2024-09-13,20:18:31,55933722348,Vikas Tomar,ICICI Bank,94695183670,Vivek Malhotra,Axis Bank,2500,Cash Deposit
TXN01461,UTR237201002974,2024-09-13,21:14:40,65580053757,Kavita Devi,Bank of Baroda,99323421683,Tanvi Joshi,HDFC Bank,32660,UPI
TXN00589,UTR435554460970,2024-09-13,23:21:02,EXT113160374,Employer Pvt Ltd - Salary A/c,HDFC Bank,24798510995,Rustam Ali,Bank of Baroda,22000,NEFT
TXN00313,UTR661896639162,2024-09-14,09:38:38,38037979360,Rohit Bansal,ICICI Bank,86831863542,Neha Agarwal,Axis Bank,500,RTGS
TXN01302,UTR376010202511,2024-09-14,12:55:55,76092570588,Deepak Yadav,SBI,EXT082072761,Merchant/UPI Handle - Utility Payment,Payment Gateway,2500,Cash Deposit
TXN00026,UTR906610882564,2024-09-14,14:45:07,68040380973,Sunil Malik,ICICI Bank,EXT082072761,Merchant/UPI Handle - Utility Payment,Payment Gateway,500,Cash Deposit
TXN01462,UTR535943932471,2024-09-14,19:10:31,65580053757,Kavita Devi,Bank of Baroda,52365451928,Farhana Begum,Kotak Mahindra Bank,21417,UPI
TXN00674,UTR409069834416,2024-09-15,11:03:15,18056893044,Ramesh Chandra Pandey,Punjab National Bank,08198427361,Amit Verma,SBI,2500,Cash Withdrawal
TXN01460,UTR611137963789,2024-09-15,11:39:00,65580053757,Kavita Devi,Bank of Baroda,64281559570,Rohan Kapoor,HDFC Bank,35923,UPI
TXN00784,UTR893601840510,2024-09-15,17:23:29,35244533458,Sanjay Bhardwaj,Punjab National Bank,94695183670,Vivek Malhotra,Axis Bank,1200,NEFT
TXN00042,UTR638520663184,2024-09-15,18:44:44,68040380973,Sunil Malik,ICICI Bank,EXT082072761,Merchant/UPI Handle - Utility Payment,Payment Gateway,2500,Cash Withdrawal
TXN00808,UTR280195954947,2024-09-15,21:25:55,35244533458,Sanjay Bhardwaj,Punjab National Bank,EXT082072761,Merchant/UPI Handle - Utility Payment,Payment Gateway,500,UPI
TXN01407,UTR768142353497,2024-09-15,23:16:08,EXT113160374,Employer Pvt Ltd - Salary A/c,HDFC Bank,32437664397,Manoj Tiwari,Kotak Mahindra Bank,45000,NEFT
TXN00442,UTR809531723746,2024-09-16,23:31:36,88481678051,Munna Tyagi,Punjab National Bank,76092570588,Deepak Yadav,SBI,2500,Cash Deposit
TXN00786,UTR209708897327,2024-09-17,09:05:08,35244533458,Sanjay Bhardwaj,Punjab National Bank,EXT082072761,Merchant/UPI Handle - Utility Payment,Payment Gateway,500,NEFT
TXN00648,UTR742998430347,2024-09-17,14:59:07,69705333835,Priya Singh,SBI,EXT082072761,Merchant/UPI Handle - Utility Payment,Payment Gateway,1200,NEFT
TXN00121,UTR840440201160,2024-09-17,15:04:08,EXT113160374,Employer Pvt Ltd - Salary A/c,HDFC Bank,42679916140,Imran Sheikh,HDFC Bank,45000,NEFT
TXN01140,UTR887967482652,2024-09-18,19:29:47,EXT113160374,Employer Pvt Ltd - Salary A/c,HDFC Bank,71327117523,Ishita Bose,SBI,60000,NEFT
TXN00809,UTR946431394025,2024-09-19,10:20:26,35244533458,Sanjay Bhardwaj,Punjab National Bank,38037979360,Rohit Bansal,ICICI Bank,2500,UPI
TXN01422,UTR261759733127,2024-09-19,10:23:39,18633362450,Ajay Yadav,HDFC Bank,55933722348,Vikas Tomar,ICICI Bank,15000,Cash Deposit
TXN00013,UTR749371774926,2024-09-20,13:35:26,EXT113160374,Employer Pvt Ltd - Salary A/c,HDFC Bank,32412415786,Rakesh Kumar,SBI,45000,NEFT
TXN00218,UTR437609169317,2024-09-21,07:10:34,65580053757,Kavita Devi,Bank of Baroda,32412415786,Rakesh Kumar,SBI,1200,RTGS
TXN00686,UTR533682818198,2024-09-21,09:00:55,EXT113160374,Employer Pvt Ltd - Salary A/c,HDFC Bank,18056893044,Ramesh Chandra Pandey,Punjab National Bank,45000,NEFT
TXN01260,UTR853051962458,2024-09-21,13:15:34,64162634588,Rajesh Sinha,SBI,10884387334,Yash Chopra,Bank of Baroda,2500,RTGS
TXN01112,UTR737670569304,2024-09-21,18:25:47,93902439957,Aditya Rathore,Axis Bank,32437664397,Manoj Tiwari,Kotak Mahindra Bank,500,UPI
TXN00968,UTR235942266557,2024-09-21,19:18:36,23680352646,Simran Kaur,Kotak Mahindra Bank,36247945967,Rekha Devi,Bank of Baroda,500,IMPS
TXN01371,UTR659064892862,2024-09-21,23:22:07,38708135078,Irfan Ali,Axis Bank,EXT082072761,Merchant/UPI Handle - Utility Payment,Payment Gateway,2500,RTGS
TXN01275,UTR292295759035,2024-09-22,06:24:29,52365451928,Farhana Begum,Kotak Mahindra Bank,EXT082072761,Merchant/UPI Handle - Utility Payment,Payment Gateway,4000,NEFT
TXN00234,UTR159411376947,2024-09-22,07:43:14,EXT113160374,Employer Pvt Ltd - Salary A/c,HDFC Bank,65580053757,Kavita Devi,Bank of Baroda,60000,NEFT
TXN00780,UTR698731074726,2024-09-22,13:41:06,44760461844,Farhan Ahmed,Punjab National Bank,49471531912,Mahesh Chand Gupta,ICICI Bank,500,Cash Withdrawal
TXN01362,UTR618432876600,2024-09-22,16:59:04,38708135078,Irfan Ali,Axis Bank,EXT082072761,Merchant/UPI Handle - Utility Payment,Payment Gateway,7500,NEFT
TXN00704,UTR468416080294,2024-09-23,12:38:48,41992454521,Anita Rani,Axis Bank,EXT082072761,Merchant/UPI Handle - Utility Payment,Payment Gateway,7500,NEFT
TXN00305,UTR272184075275,2024-09-23,16:20:02,EXT113160374,Employer Pvt Ltd - Salary A/c,HDFC Bank,08198427361,Amit Verma,SBI,22000,NEFT
TXN01423,UTR178541894277,2024-09-23,22:55:33,55933722348,Vikas Tomar,ICICI Bank,32412415786,Rakesh Kumar,SBI,5000,Cash Deposit
TXN00553,UTR453277883224,2024-09-24,20:34:11,44396022575,Chandu Meena,Axis Bank,EXT082072761,Merchant/UPI Handle - Utility Payment,Payment Gateway,500,IMPS
TXN00092,UTR341447689680,2024-09-25,07:53:53,55933722348,Vikas Tomar,ICICI Bank,EXT082072761,Merchant/UPI Handle - Utility Payment,Payment Gateway,4000,Cash Withdrawal
TXN01212,UTR463730141234,2024-09-25,12:04:13,EXT113160374,Employer Pvt Ltd - Salary A/c,HDFC Bank,65117077513,Abid Khan,Kotak Mahindra Bank,18000,NEFT
TXN01080,UTR617197218991,2024-09-25,12:33:08,99323421683,Tanvi Joshi,HDFC Bank,EXT082072761,Merchant/UPI Handle - Utility Payment,Payment Gateway,4000,IMPS
TXN01345,UTR801720590394,2024-09-25,14:32:45,35059071685,Sunita Rawat,HDFC Bank,42679916140,Imran Sheikh,HDFC Bank,500,RTGS
TXN01147,UTR368033843664,2024-09-25,14:38:12,09094330418,Karan Malhotra,HDFC Bank,EXT082072761,Merchant/UPI Handle - Utility Payment,Payment Gateway,500,RTGS
TXN00929,UTR395274586775,2024-09-25,18:01:51,41492355953,Arjun Mehta,ICICI Bank,38037979360,Rohit Bansal,ICICI Bank,500,Cash Deposit
TXN01187,UTR825568590208,2024-09-25,22:05:45,EXT113160374,Employer Pvt Ltd - Salary A/c,HDFC Bank,10884387334,Yash Chopra,Bank of Baroda,45000,NEFT
TXN00190,UTR970882940423,2024-09-25,22:35:54,43686792403,Salman Qureshi,SBI,EXT082072761,Merchant/UPI Handle - Utility Payment,Payment Gateway,1200,IMPS
TXN01227,UTR568346071849,2024-09-26,11:10:58,65117077513,Abid Khan,Kotak Mahindra Bank,EXT082072761,Merchant/UPI Handle - Utility Payment,Payment Gateway,1200,NEFT
TXN00325,UTR360299594396,2024-09-26,18:20:17,38037979360,Rohit Bansal,ICICI Bank,42679916140,Imran Sheikh,HDFC Bank,500,NEFT
TXN01089,UTR154736277139,2024-09-26,20:03:13,EXT113160374,Employer Pvt Ltd - Salary A/c,HDFC Bank,93902439957,Aditya Rathore,Axis Bank,22000,NEFT
TXN00444,UTR644162532377,2024-09-27,07:49:22,88481678051,Munna Tyagi,Punjab National Bank,18633362450,Ajay Yadav,HDFC Bank,2500,UPI
TXN00193,UTR940917794827,2024-09-27,11:03:24,EXT113160374,Employer Pvt Ltd - Salary A/c,HDFC Bank,43686792403,Salman Qureshi,SBI,22000,NEFT
TXN01124,UTR499009075589,2024-09-27,13:11:31,EXT113160374,Employer Pvt Ltd - Salary A/c,HDFC Bank,71327117523,Ishita Bose,SBI,18000,NEFT
TXN00086,UTR724484994288,2024-09-27,18:41:46,55933722348,Vikas Tomar,ICICI Bank,42679916140,Imran Sheikh,HDFC Bank,7500,UPI
TXN00969,UTR396796911905,2024-09-28,12:52:31,23680352646,Simran Kaur,Kotak Mahindra Bank,41492355953,Arjun Mehta,ICICI Bank,1200,UPI
TXN00376,UTR767500482941,2024-09-28,15:37:29,80450816830,Chhotu Ansari,SBI,49471531912,Mahesh Chand Gupta,ICICI Bank,4000,Cash Withdrawal
TXN01339,UTR349337143667,2024-09-30,06:09:44,35059071685,Sunita Rawat,HDFC Bank,82760561101,Guddi Bai,SBI,2500,Cash Withdrawal
TXN00814,UTR563042732490,2024-09-30,11:19:56,35244533458,Sanjay Bhardwaj,Punjab National Bank,35059071685,Sunita Rawat,HDFC Bank,500,NEFT
TXN00844,UTR244968655431,2024-09-30,13:52:34,94695183670,Vivek Malhotra,Axis Bank,65580053757,Kavita Devi,Bank of Baroda,4000,Cash Withdrawal
TXN01292,UTR366134147594,2024-09-30,19:04:36,EXT113160374,Employer Pvt Ltd - Salary A/c,HDFC Bank,52365451928,Farhana Begum,Kotak Mahindra Bank,35000,NEFT
TXN00459,UTR145500229890,2024-09-30,20:49:54,90413217740,Pappu Solanki,Kotak Mahindra Bank,64162634588,Rajesh Sinha,SBI,2500,RTGS
TXN00231,UTR545282581194,2024-10-01,08:43:35,EXT113160374,Employer Pvt Ltd - Salary A/c,HDFC Bank,65580053757,Kavita Devi,Bank of Baroda,45000,NEFT
TXN00198,UTR791968481966,2024-10-01,12:37:19,65580053757,Kavita Devi,Bank of Baroda,EXT082072761,Merchant/UPI Handle - Utility Payment,Payment Gateway,2500,NEFT
TXN00405,UTR160625043503,2024-10-01,18:58:43,05606834229,Lakhan Singh Bhatti,SBI,EXT082072761,Merchant/UPI Handle - Utility Payment,Payment Gateway,1200,RTGS
TXN00496,UTR135372225141,2024-10-01,23:37:40,90413217740,Pappu Solanki,Kotak Mahindra Bank,EXT082072761,Merchant/UPI Handle - Utility Payment,Payment Gateway,2500,Cash Withdrawal
TXN01104,UTR532517614808,2024-10-02,06:03:56,EXT113160374,Employer Pvt Ltd - Salary A/c,HDFC Bank,93902439957,Aditya Rathore,Axis Bank,45000,NEFT
TXN01273,UTR597101276636,2024-10-02,09:51:08,EXT113160374,Employer Pvt Ltd - Salary A/c,HDFC Bank,52365451928,Farhana Begum,Kotak Mahindra Bank,22000,NEFT
TXN00194,UTR288215096538,2024-10-02,10:43:14,43686792403,Salman Qureshi,SBI,EXT082072761,Merchant/UPI Handle - Utility Payment,Payment Gateway,500,NEFT
TXN00790,UTR807825024463,2024-10-02,11:11:42,EXT113160374,Employer Pvt Ltd - Salary A/c,HDFC Bank,35244533458,Sanjay Bhardwaj,Punjab National Bank,22000,NEFT
TXN01351,UTR117433870853,2024-10-02,13:29:28,35059071685,Sunita Rawat,HDFC Bank,EXT082072761,Merchant/UPI Handle - Utility Payment,Payment Gateway,7500,Cash Deposit
TXN00014,UTR928409107391,2024-10-02,14:27:03,32412415786,Rakesh Kumar,SBI,EXT082072761,Merchant/UPI Handle - Utility Payment,Payment Gateway,1200,UPI
TXN01247,UTR693727001600,2024-10-03,06:05:09,64162634588,Rajesh Sinha,SBI,EXT082072761,Merchant/UPI Handle - Utility Payment,Payment Gateway,2500,Cash Deposit
TXN00764,UTR158879464298,2024-10-03,07:34:30,44760461844,Farhan Ahmed,Punjab National Bank,71327117523,Ishita Bose,SBI,1200,IMPS
TXN01405,UTR504535800679,2024-10-03,08:06:14,32437664397,Manoj Tiwari,Kotak Mahindra Bank,EXT082072761,Merchant/UPI Handle - Utility Payment,Payment Gateway,1200,NEFT
TXN01075,UTR508561992818,2024-10-03,08:29:11,99323421683,Tanvi Joshi,HDFC Bank,54219677717,Deepak Chaudhary,ICICI Bank,2500,IMPS
TXN00721,UTR327047571622,2024-10-03,11:33:30,EXT113160374,Employer Pvt Ltd - Salary A/c,HDFC Bank,78264257436,Naveen Kumar Sharma,SBI,35000,NEFT
TXN00514,UTR601351907652,2024-10-03,12:07:25,82760561101,Guddi Bai,SBI,EXT082072761,Merchant/UPI Handle - Utility Payment,Payment Gateway,500,NEFT
TXN00545,UTR987151545981,2024-10-03,18:25:27,44396022575,Chandu Meena,Axis Bank,EXT082072761,Merchant/UPI Handle - Utility Payment,Payment Gateway,7500,UPI
TXN00509,UTR604341505087,2024-10-04,08:50:52,EXT113160374,Employer Pvt Ltd - Salary A/c,HDFC Bank,82760561101,Guddi Bai,SBI,35000,NEFT
TXN00657,UTR645511978137,2024-10-04,09:27:57,EXT113160374,Employer Pvt Ltd - Salary A/c,HDFC Bank,69705333835,Priya Singh,SBI,22000,NEFT
TXN01409,UTR575132688902,2024-10-04,14:27:45,EXT113160374,Employer Pvt Ltd - Salary A/c,HDFC Bank,32437664397,Manoj Tiwari,Kotak Mahindra Bank,60000,NEFT
TXN00623,UTR705202349783,2024-10-04,16:47:16,68826141830,Suresh Kumar Jain,Axis Bank,EXT082072761,Merchant/UPI Handle - Utility Payment,Payment Gateway,1200,NEFT
TXN00195,UTR436441801665,2024-10-04,18:23:48,43686792403,Salman Qureshi,SBI,EXT082072761,Merchant/UPI Handle - Utility Payment,Payment Gateway,4000,Cash Withdrawal
TXN00617,UTR412713954715,2024-10-04,23:32:48,68826141830,Suresh Kumar Jain,Axis Bank,49471531912,Mahesh Chand Gupta,ICICI Bank,7500,NEFT
TXN00563,UTR107548335782,2024-10-05,08:55:17,24798510995,Rustam Ali,Bank of Baroda,65117077513,Abid Khan,Kotak Mahindra Bank,500,UPI
TXN01068,UTR780807684719,2024-10-05,11:17:04,99323421683,Tanvi Joshi,HDFC Bank,EXT082072761,Merchant/UPI Handle - Utility Payment,Payment Gateway,500,Cash Deposit
TXN00775,UTR467856685210,2024-10-05,13:53:40,44760461844,Farhan Ahmed,Punjab National Bank,EXT082072761,Merchant/UPI Handle - Utility Payment,Payment Gateway,1200,Cash Withdrawal
TXN01172,UTR733221313646,2024-10-05,20:40:47,75073462726,Meera Nair,ICICI Bank,EXT082072761,Merchant/UPI Handle - Utility Payment,Payment Gateway,7500,Cash Deposit
TXN00888,UTR440731271746,2024-10-05,22:48:45,79909315319,Pranay Dutta Roy,Axis Bank,EXT082072761,Merchant/UPI Handle - Utility Payment,Payment Gateway,500,Cash Deposit
TXN00631,UTR350142452216,2024-10-06,06:56:42,EXT113160374,Employer Pvt Ltd - Salary A/c,HDFC Bank,69705333835,Priya Singh,SBI,22000,NEFT
TXN01025,UTR163348506861,2024-10-06,11:17:29,EXT113160374,Employer Pvt Ltd - Salary A/c,HDFC Bank,64281559570,Rohan Kapoor,HDFC Bank,22000,NEFT
TXN00108,UTR582126059842,2024-10-06,13:24:50,55933722348,Vikas Tomar,ICICI Bank,EXT082072761,Merchant/UPI Handle - Utility Payment,Payment Gateway,500,UPI
TXN00178,UTR634929065650,2024-10-06,16:33:21,43686792403,Salman Qureshi,SBI,EXT082072761,Merchant/UPI Handle - Utility Payment,Payment Gateway,4000,Cash Deposit
TXN00128,UTR263669998990,2024-10-06,20:42:35,42679916140,Imran Sheikh,HDFC Bank,43686792403,Salman Qureshi,SBI,2500,NEFT
TXN01411,UTR262373296036,2024-10-07,07:16:14,32437664397,Manoj Tiwari,Kotak Mahindra Bank,EXT082072761,Merchant/UPI Handle - Utility Payment,Payment Gateway,7500,UPI
TXN01392,UTR451683122555,2024-10-07,09:53:36,EXT113160374,Employer Pvt Ltd - Salary A/c,HDFC Bank,68815550998,Poonam Chawla,Punjab National Bank,18000,NEFT
TXN00383,UTR843380902946,2024-10-07,12:17:48,EXT113160374,Employer Pvt Ltd - Salary A/c,HDFC Bank,05606834229,Lakhan Singh Bhatti,SBI,35000,NEFT
TXN00637,UTR260380661735,2024-10-07,14:02:14,69705333835,Priya Singh,SBI,EXT082072761,Merchant/UPI Handle - Utility Payment,Payment Gateway,7500,Cash Withdrawal
TXN01297,UTR430609465482,2024-10-07,14:43:33,52365451928,Farhana Begum,Kotak Mahindra Bank,08198427361,Amit Verma,SBI,1200,RTGS
TXN01181,UTR133607827854,2024-10-07,16:19:27,75073462726,Meera Nair,ICICI Bank,EXT082072761,Merchant/UPI Handle - Utility Payment,Payment Gateway,500,IMPS
TXN00524,UTR655493361132,2024-10-07,16:25:31,82760561101,Guddi Bai,SBI,EXT082072761,Merchant/UPI Handle - Utility Payment,Payment Gateway,1200,Cash Withdrawal
TXN00517,UTR506642508456,2024-10-07,19:25:55,82760561101,Guddi Bai,SBI,18633362450,Ajay Yadav,HDFC Bank,500,NEFT
TXN00277,UTR101827200727,2024-10-07,20:40:21,EXT113160374,Employer Pvt Ltd - Salary A/c,HDFC Bank,08198427361,Amit Verma,SBI,60000,NEFT
TXN00899,UTR518021253456,2024-10-09,07:30:42,79909315319,Pranay Dutta Roy,Axis Bank,EXT082072761,Merchant/UPI Handle - Utility Payment,Payment Gateway,500,RTGS
TXN01153,UTR995227602720,2024-10-09,10:08:58,EXT113160374,Employer Pvt Ltd - Salary A/c,HDFC Bank,09094330418,Karan Malhotra,HDFC Bank,18000,NEFT
TXN01383,UTR763716011864,2024-10-09,17:59:47,68815550998,Poonam Chawla,Punjab National Bank,32437664397,Manoj Tiwari,Kotak Mahindra Bank,500,Cash Withdrawal
TXN00610,UTR782724057674,2024-10-09,18:13:41,68826141830,Suresh Kumar Jain,Axis Bank,EXT082072761,Merchant/UPI Handle - Utility Payment,Payment Gateway,500,UPI
TXN01385,UTR522343046004,2024-10-09,21:13:06,EXT113160374,Employer Pvt Ltd - Salary A/c,HDFC Bank,68815550998,Poonam Chawla,Punjab National Bank,22000,NEFT
TXN01242,UTR344738671840,2024-10-10,06:41:47,EXT113160374,Employer Pvt Ltd - Salary A/c,HDFC Bank,64162634588,Rajesh Sinha,SBI,35000,NEFT
TXN01344,UTR678747330203,2024-10-10,17:52:58,35059071685,Sunita Rawat,HDFC Bank,EXT082072761,Merchant/UPI Handle - Utility Payment,Payment Gateway,500,NEFT
TXN00516,UTR265893584976,2024-10-10,22:16:17,82760561101,Guddi Bai,SBI,EXT082072761,Merchant/UPI Handle - Utility Payment,Payment Gateway,7500,UPI
TXN01015,UTR550000564421,2024-10-10,23:04:39,64281559570,Rohan Kapoor,HDFC Bank,EXT082072761,Merchant/UPI Handle - Utility Payment,Payment Gateway,7500,RTGS
TXN00722,UTR373070277910,2024-10-11,12:22:54,78264257436,Naveen Kumar Sharma,SBI,EXT082072761,Merchant/UPI Handle - Utility Payment,Payment Gateway,2500,RTGS
TXN00850,UTR548588976054,2024-10-11,15:58:11,94695183670,Vivek Malhotra,Axis Bank,EXT082072761,Merchant/UPI Handle - Utility Payment,Payment Gateway,500,RTGS
TXN00564,UTR590718912491,2024-10-11,18:10:42,EXT113160374,Employer Pvt Ltd - Salary A/c,HDFC Bank,24798510995,Rustam Ali,Bank of Baroda,22000,NEFT
TXN01206,UTR842495901178,2024-10-12,07:34:52,65117077513,Abid Khan,Kotak Mahindra Bank,44396022575,Chandu Meena,Axis Bank,500,UPI
TXN00261,UTR877563467213,2024-10-12,20:03:08,EXT113160374,Employer Pvt Ltd - Salary A/c,HDFC Bank,64733283579,Nikhil Sharma,Punjab National Bank,60000,NEFT
TXN01330,UTR633185798985,2024-10-12,20:49:04,EXT113160374,Employer Pvt Ltd - Salary A/c,HDFC Bank,76092570588,Deepak Yadav,SBI,22000,NEFT
TXN00334,UTR775265425476,2024-10-12,22:56:51,16568651026,Bhola Prasad,ICICI Bank,EXT082072761,Merchant/UPI Handle - Utility Payment,Payment Gateway,4000,IMPS
TXN00150,UTR774760846072,2024-10-12,23:01:18,54219677717,Deepak Chaudhary,ICICI Bank,EXT082072761,Merchant/UPI Handle - Utility Payment,Payment Gateway,2500,NEFT
TXN00181,UTR218998120604,2024-10-13,09:59:51,43686792403,Salman Qureshi,SBI,32437664397,Manoj Tiwari,Kotak Mahindra Bank,500,Cash Deposit
TXN01403,UTR979270148015,2024-10-13,13:47:03,32437664397,Manoj Tiwari,Kotak Mahindra Bank,EXT082072761,Merchant/UPI Handle - Utility Payment,Payment Gateway,4000,UPI
TXN00946,UTR437812008090,2024-10-13,18:05:43,41492355953,Arjun Mehta,ICICI Bank,EXT082072761,Merchant/UPI Handle - Utility Payment,Payment Gateway,2500,UPI
TXN00890,UTR791377354690,2024-10-13,21:11:34,EXT113160374,Employer Pvt Ltd - Salary A/c,HDFC Bank,79909315319,Pranay Dutta Roy,Axis Bank,22000,NEFT
TXN00342,UTR296599276250,2024-10-14,13:14:14,16568651026,Bhola Prasad,ICICI Bank,EXT082072761,Merchant/UPI Handle - Utility Payment,Payment Gateway,4000,NEFT
TXN01049,UTR782411060552,2024-10-14,22:35:59,EXT113160374,Employer Pvt Ltd - Salary A/c,HDFC Bank,86831863542,Neha Agarwal,Axis Bank,22000,NEFT
TXN00404,UTR990179081674,2024-10-15,06:30:54,EXT113160374,Employer Pvt Ltd - Salary A/c,HDFC Bank,05606834229,Lakhan Singh Bhatti,SBI,22000,NEFT
TXN00759,UTR471824660740,2024-10-15,17:24:47,44760461844,Farhan Ahmed,Punjab National Bank,EXT082072761,Merchant/UPI Handle - Utility Payment,Payment Gateway,4000,RTGS
TXN01210,UTR304898525950,2024-10-15,19:43:47,EXT113160374,Employer Pvt Ltd - Salary A/c,HDFC Bank,65117077513,Abid Khan,Kotak Mahindra Bank,45000,NEFT
TXN00573,UTR672657937473,2024-10-15,20:05:40,EXT113160374,Employer Pvt Ltd - Salary A/c,HDFC Bank,24798510995,Rustam Ali,Bank of Baroda,45000,NEFT
TXN00700,UTR358160857836,2024-10-16,16:34:07,EXT113160374,Employer Pvt Ltd - Salary A/c,HDFC Bank,41992454521,Anita Rani,Axis Bank,22000,NEFT
TXN00851,UTR587436077938,2024-10-16,17:50:20,94695183670,Vivek Malhotra,Axis Bank,EXT082072761,Merchant/UPI Handle - Utility Payment,Payment Gateway,7500,Cash Withdrawal
TXN00246,UTR837892248676,2024-10-17,08:30:52,64733283579,Nikhil Sharma,Punjab National Bank,99323421683,Tanvi Joshi,HDFC Bank,500,RTGS
TXN00316,UTR162338269439,2024-10-17,08:32:20,38037979360,Rohit Bansal,ICICI Bank,32412415786,Rakesh Kumar,SBI,7500,UPI
TXN00096,UTR660775658542,2024-10-17,09:39:59,EXT113160374,Employer Pvt Ltd - Salary A/c,HDFC Bank,55933722348,Vikas Tomar,ICICI Bank,60000,NEFT
TXN00830,UTR100680315658,2024-10-17,18:43:40,EXT113160374,Employer Pvt Ltd - Salary A/c,HDFC Bank,36247945967,Rekha Devi,Bank of Baroda,45000,NEFT
TXN00362,UTR502034424571,2024-10-18,11:00:43,80450816830,Chhotu Ansari,SBI,38037979360,Rohit Bansal,ICICI Bank,500,IMPS
TXN00301,UTR152286768920,2024-10-18,16:31:54,08198427361,Amit Verma,SBI,EXT082072761,Merchant/UPI Handle - Utility Payment,Payment Gateway,7500,UPI
TXN01418,UTR611521429039,2024-10-18,18:45:33,18633362450,Ajay Yadav,HDFC Bank,55933722348,Vikas Tomar,ICICI Bank,15000,Cash Deposit
TXN01321,UTR949588008728,2024-10-19,07:38:30,76092570588,Deepak Yadav,SBI,38037979360,Rohit Bansal,ICICI Bank,4000,Cash Withdrawal
TXN00078,UTR758575045136,2024-10-19,11:03:47,EXT113160374,Employer Pvt Ltd - Salary A/c,HDFC Bank,55933722348,Vikas Tomar,ICICI Bank,45000,NEFT
TXN00241,UTR932183587218,2024-10-19,12:40:44,64733283579,Nikhil Sharma,Punjab National Bank,78264257436,Naveen Kumar Sharma,SBI,2500,IMPS
TXN00469,UTR588462945309,2024-10-19,13:20:16,90413217740,Pappu Solanki,Kotak Mahindra Bank,54219677717,Deepak Chaudhary,ICICI Bank,1200,IMPS
TXN00937,UTR363700793888,2024-10-20,06:46:10,41492355953,Arjun Mehta,ICICI Bank,64733283579,Nikhil Sharma,Punjab National Bank,4000,Cash Withdrawal
TXN01317,UTR323162640436,2024-10-20,10:45:58,76092570588,Deepak Yadav,SBI,99323421683,Tanvi Joshi,HDFC Bank,1200,UPI
TXN01183,UTR519102850388,2024-10-20,11:48:24,10884387334,Yash Chopra,Bank of Baroda,44396022575,Chandu Meena,Axis Bank,7500,Cash Withdrawal
TXN01286,UTR566318139912,2024-10-20,17:45:14,52365451928,Farhana Begum,Kotak Mahindra Bank,78264257436,Naveen Kumar Sharma,SBI,500,RTGS
TXN00424,UTR244284640417,2024-10-20,21:27:37,EXT113160374,Employer Pvt Ltd - Salary A/c,HDFC Bank,88481678051,Munna Tyagi,Punjab National Bank,22000,NEFT
TXN01087,UTR845402373523,2024-10-21,06:40:29,93902439957,Aditya Rathore,Axis Bank,05606834229,Lakhan Singh Bhatti,SBI,500,UPI
TXN00797,UTR239685552343,2024-10-21,13:50:23,35244533458,Sanjay Bhardwaj,Punjab National Bank,68040380973,Sunil Malik,ICICI Bank,1200,IMPS
TXN00456,UTR334557331764,2024-10-21,14:19:58,88481678051,Munna Tyagi,Punjab National Bank,65580053757,Kavita Devi,Bank of Baroda,7500,IMPS
TXN00006,UTR380746953536,2024-10-21,14:32:57,32412415786,Rakesh Kumar,SBI,EXT082072761,Merchant/UPI Handle - Utility Payment,Payment Gateway,500,Cash Withdrawal
TXN01419,UTR320784401199,2024-10-21,16:28:52,55933722348,Vikas Tomar,ICICI Bank,32412415786,Rakesh Kumar,SBI,6000,Cash Deposit
TXN00676,UTR199584656846,2024-10-21,18:57:17,18056893044,Ramesh Chandra Pandey,Punjab National Bank,EXT082072761,Merchant/UPI Handle - Utility Payment,Payment Gateway,500,NEFT
TXN00170,UTR642521745226,2024-10-22,10:26:41,54219677717,Deepak Chaudhary,ICICI Bank,16568651026,Bhola Prasad,ICICI Bank,1200,Cash Deposit
TXN00165,UTR227554003935,2024-10-22,23:40:38,54219677717,Deepak Chaudhary,ICICI Bank,EXT082072761,Merchant/UPI Handle - Utility Payment,Payment Gateway,2500,RTGS
TXN00831,UTR401159474408,2024-10-23,10:07:56,EXT113160374,Employer Pvt Ltd - Salary A/c,HDFC Bank,36247945967,Rekha Devi,Bank of Baroda,60000,NEFT
TXN00778,UTR491269202080,2024-10-23,10:21:24,44760461844,Farhan Ahmed,Punjab National Bank,80450816830,Chhotu Ansari,SBI,2500,Cash Withdrawal
TXN01244,UTR671627314073,2024-10-23,12:49:22,64162634588,Rajesh Sinha,SBI,EXT082072761,Merchant/UPI Handle - Utility Payment,Payment Gateway,4000,Cash Withdrawal
TXN00306,UTR809026784843,2024-10-23,13:50:03,EXT113160374,Employer Pvt Ltd - Salary A/c,HDFC Bank,08198427361,Amit Verma,SBI,18000,NEFT
TXN00416,UTR681453485756,2024-10-23,16:08:03,05606834229,Lakhan Singh Bhatti,SBI,18633362450,Ajay Yadav,HDFC Bank,1200,RTGS
TXN01186,UTR307088583282,2024-10-23,17:04:26,10884387334,Yash Chopra,Bank of Baroda,42679916140,Imran Sheikh,HDFC Bank,1200,NEFT
TXN01400,UTR175586218879,2024-10-24,06:44:45,EXT113160374,Employer Pvt Ltd - Salary A/c,HDFC Bank,32437664397,Manoj Tiwari,Kotak Mahindra Bank,60000,NEFT
TXN00173,UTR185581496667,2024-10-24,07:29:29,43686792403,Salman Qureshi,SBI,65117077513,Abid Khan,Kotak Mahindra Bank,1200,RTGS
TXN00480,UTR205270382511,2024-10-24,09:32:54,90413217740,Pappu Solanki,Kotak Mahindra Bank,36247945967,Rekha Devi,Bank of Baroda,1200,UPI
TXN00845,UTR805786154473,2024-10-24,20:46:02,94695183670,Vivek Malhotra,Axis Bank,EXT082072761,Merchant/UPI Handle - Utility Payment,Payment Gateway,4000,Cash Deposit
TXN00926,UTR835686815186,2024-10-24,22:00:25,43588299843,Kavya Reddy,HDFC Bank,69705333835,Priya Singh,SBI,7500,NEFT
TXN01388,UTR981710728326,2024-10-25,08:13:24,68815550998,Poonam Chawla,Punjab National Bank,EXT082072761,Merchant/UPI Handle - Utility Payment,Payment Gateway,7500,RTGS
TXN00110,UTR548857883248,2024-10-25,18:03:57,55933722348,Vikas Tomar,ICICI Bank,54219677717,Deepak Chaudhary,ICICI Bank,500,IMPS
TXN00673,UTR861371107415,2024-10-25,20:15:17,18056893044,Ramesh Chandra Pandey,Punjab National Bank,EXT082072761,Merchant/UPI Handle - Utility Payment,Payment Gateway,2500,Cash Withdrawal
TXN01046,UTR163320610330,2024-10-25,20:48:57,86831863542,Neha Agarwal,Axis Bank,EXT082072761,Merchant/UPI Handle - Utility Payment,Payment Gateway,4000,NEFT
TXN00289,UTR258926011898,2024-10-25,21:40:47,08198427361,Amit Verma,SBI,79909315319,Pranay Dutta Roy,Axis Bank,2500,Cash Deposit
TXN00034,UTR912671552969,2024-10-26,09:37:07,EXT113160374,Employer Pvt Ltd - Salary A/c,HDFC Bank,68040380973,Sunil Malik,ICICI Bank,45000,NEFT
TXN00566,UTR820640969877,2024-10-26,12:05:03,24798510995,Rustam Ali,Bank of Baroda,EXT082072761,Merchant/UPI Handle - Utility Payment,Payment Gateway,7500,UPI
TXN01062,UTR988535732694,2024-10-26,15:56:58,86831863542,Neha Agarwal,Axis Bank,EXT082072761,Merchant/UPI Handle - Utility Payment,Payment Gateway,500,RTGS
TXN00838,UTR724228662716,2024-10-26,20:32:16,EXT113160374,Employer Pvt Ltd - Salary A/c,HDFC Bank,36247945967,Rekha Devi,Bank of Baroda,45000,NEFT
TXN00542,UTR408908554514,2024-10-27,06:00:38,44396022575,Chandu Meena,Axis Bank,08198427361,Amit Verma,SBI,1200,Cash Withdrawal
TXN00283,UTR389101420508,2024-10-27,08:02:19,08198427361,Amit Verma,SBI,EXT082072761,Merchant/UPI Handle - Utility Payment,Payment Gateway,7500,UPI
TXN00058,UTR505460503720,2024-10-27,22:28:12,18633362450,Ajay Yadav,HDFC Bank,EXT082072761,Merchant/UPI Handle - Utility Payment,Payment Gateway,2500,Cash Deposit
TXN00118,UTR110733053266,2024-10-28,08:29:36,EXT113160374,Employer Pvt Ltd - Salary A/c,HDFC Bank,42679916140,Imran Sheikh,HDFC Bank,35000,NEFT
TXN01003,UTR175471799672,2024-10-28,10:27:47,64281559570,Rohan Kapoor,HDFC Bank,EXT082072761,Merchant/UPI Handle - Utility Payment,Payment Gateway,1200,UPI
TXN00801,UTR476290744260,2024-10-28,17:12:55,EXT113160374,Employer Pvt Ltd - Salary A/c,HDFC Bank,35244533458,Sanjay Bhardwaj,Punjab National Bank,22000,NEFT
TXN00895,UTR409144136764,2024-10-28,17:27:33,EXT113160374,Employer Pvt Ltd - Salary A/c,HDFC Bank,79909315319,Pranay Dutta Roy,Axis Bank,22000,NEFT
TXN01156,UTR429054556800,2024-10-28,21:40:41,EXT113160374,Employer Pvt Ltd - Salary A/c,HDFC Bank,09094330418,Karan Malhotra,HDFC Bank,22000,NEFT
TXN00931,UTR714350329326,2024-10-29,06:54:38,41492355953,Arjun Mehta,ICICI Bank,71327117523,Ishita Bose,SBI,1200,NEFT
TXN00770,UTR841237299525,2024-10-29,07:12:53,44760461844,Farhan Ahmed,Punjab National Bank,24798510995,Rustam Ali,Bank of Baroda,1200,RTGS
TXN00354,UTR886719401637,2024-10-29,11:11:36,EXT113160374,Employer Pvt Ltd - Salary A/c,HDFC Bank,80450816830,Chhotu Ansari,SBI,35000,NEFT
TXN01340,UTR541644656761,2024-10-29,11:35:47,35059071685,Sunita Rawat,HDFC Bank,23680352646,Simran Kaur,Kotak Mahindra Bank,7500,Cash Deposit
TXN01167,UTR957170507910,2024-10-29,13:46:43,EXT113160374,Employer Pvt Ltd - Salary A/c,HDFC Bank,75073462726,Meera Nair,ICICI Bank,60000,NEFT
TXN00419,UTR160750839144,2024-10-29,18:07:49,05606834229,Lakhan Singh Bhatti,SBI,EXT082072761,Merchant/UPI Handle - Utility Payment,Payment Gateway,4000,Cash Withdrawal
TXN01026,UTR413403772348,2024-10-29,22:17:24,64281559570,Rohan Kapoor,HDFC Bank,EXT082072761,Merchant/UPI Handle - Utility Payment,Payment Gateway,4000,IMPS
TXN00088,UTR492628874911,2024-10-29,22:44:26,EXT113160374,Employer Pvt Ltd - Salary A/c,HDFC Bank,55933722348,Vikas Tomar,ICICI Bank,45000,NEFT
TXN00817,UTR566828452559,2024-10-30,08:32:35,36247945967,Rekha Devi,Bank of Baroda,EXT082072761,Merchant/UPI Handle - Utility Payment,Payment Gateway,4000,Cash Deposit
TXN00398,UTR709947589915,2024-10-30,11:17:57,05606834229,Lakhan Singh Bhatti,SBI,90413217740,Pappu Solanki,Kotak Mahindra Bank,7500,Cash Withdrawal
TXN00976,UTR665744600617,2024-10-30,14:40:49,EXT113160374,Employer Pvt Ltd - Salary A/c,HDFC Bank,23680352646,Simran Kaur,Kotak Mahindra Bank,45000,NEFT
TXN01414,UTR922025218340,2024-10-30,14:50:05,EXT113160374,Employer Pvt Ltd - Salary A/c,HDFC Bank,32437664397,Manoj Tiwari,Kotak Mahindra Bank,22000,NEFT
TXN01406,UTR604401891362,2024-10-30,19:13:18,EXT113160374,Employer Pvt Ltd - Salary A/c,HDFC Bank,32437664397,Manoj Tiwari,Kotak Mahindra Bank,45000,NEFT
TXN01204,UTR536317634275,2024-10-30,20:32:03,65117077513,Abid Khan,Kotak Mahindra Bank,64733283579,Nikhil Sharma,Punjab National Bank,1200,IMPS
TXN01057,UTR714001226677,2024-10-30,21:30:06,86831863542,Neha Agarwal,Axis Bank,08198427361,Amit Verma,SBI,2500,Cash Deposit
TXN00763,UTR181299723937,2024-10-31,07:28:29,EXT113160374,Employer Pvt Ltd - Salary A/c,HDFC Bank,44760461844,Farhan Ahmed,Punjab National Bank,22000,NEFT
TXN01378,UTR435234177666,2024-10-31,10:09:01,68815550998,Poonam Chawla,Punjab National Bank,EXT082072761,Merchant/UPI Handle - Utility Payment,Payment Gateway,2500,RTGS
TXN00948,UTR235510408377,2024-10-31,13:55:28,41492355953,Arjun Mehta,ICICI Bank,EXT082072761,Merchant/UPI Handle - Utility Payment,Payment Gateway,4000,RTGS
TXN00508,UTR473318166076,2024-10-31,22:10:02,82760561101,Guddi Bai,SBI,64281559570,Rohan Kapoor,HDFC Bank,1200,UPI
TXN00538,UTR896863407731,2024-11-01,08:43:53,44396022575,Chandu Meena,Axis Bank,EXT082072761,Merchant/UPI Handle - Utility Payment,Payment Gateway,4000,UPI
TXN01353,UTR921873697182,2024-11-01,14:51:43,EXT113160374,Employer Pvt Ltd - Salary A/c,HDFC Bank,35059071685,Sunita Rawat,HDFC Bank,35000,NEFT
TXN00207,UTR923157424101,2024-11-01,16:50:36,65580053757,Kavita Devi,Bank of Baroda,82760561101,Guddi Bai,SBI,500,UPI
TXN01316,UTR117039590723,2024-11-02,06:59:26,76092570588,Deepak Yadav,SBI,EXT082072761,Merchant/UPI Handle - Utility Payment,Payment Gateway,500,Cash Withdrawal
TXN00921,UTR878624264227,2024-11-02,17:53:15,43588299843,Kavya Reddy,HDFC Bank,EXT082072761,Merchant/UPI Handle - Utility Payment,Payment Gateway,500,Cash Withdrawal
TXN01137,UTR233384158655,2024-11-03,06:46:23,71327117523,Ishita Bose,SBI,EXT082072761,Merchant/UPI Handle - Utility Payment,Payment Gateway,1200,RTGS
TXN00746,UTR826486918938,2024-11-03,08:06:33,EXT113160374,Employer Pvt Ltd - Salary A/c,HDFC Bank,78264257436,Naveen Kumar Sharma,SBI,45000,NEFT
TXN00988,UTR988733027575,2024-11-03,11:48:37,EXT113160374,Employer Pvt Ltd - Salary A/c,HDFC Bank,23680352646,Simran Kaur,Kotak Mahindra Bank,45000,NEFT
TXN00537,UTR626352449008,2024-11-03,19:51:05,EXT113160374,Employer Pvt Ltd - Salary A/c,HDFC Bank,44396022575,Chandu Meena,Axis Bank,22000,NEFT
TXN00124,UTR722993587105,2024-11-03,20:27:57,42679916140,Imran Sheikh,HDFC Bank,EXT082072761,Merchant/UPI Handle - Utility Payment,Payment Gateway,4000,UPI
TXN00209,UTR235114407548,2024-11-03,20:58:56,65580053757,Kavita Devi,Bank of Baroda,EXT082072761,Merchant/UPI Handle - Utility Payment,Payment Gateway,1200,RTGS
TXN00286,UTR147736396692,2024-11-03,21:22:40,08198427361,Amit Verma,SBI,49471531912,Mahesh Chand Gupta,ICICI Bank,1200,RTGS
TXN00403,UTR148781137600,2024-11-03,21:38:56,EXT113160374,Employer Pvt Ltd - Salary A/c,HDFC Bank,05606834229,Lakhan Singh Bhatti,SBI,60000,NEFT
TXN00533,UTR600767300080,2024-11-03,23:09:48,44396022575,Chandu Meena,Axis Bank,80450816830,Chhotu Ansari,SBI,1200,UPI
TXN00943,UTR973124246359,2024-11-04,14:09:31,41492355953,Arjun Mehta,ICICI Bank,EXT082072761,Merchant/UPI Handle - Utility Payment,Payment Gateway,7500,Cash Withdrawal
TXN01135,UTR191199233291,2024-11-04,16:43:48,71327117523,Ishita Bose,SBI,EXT082072761,Merchant/UPI Handle - Utility Payment,Payment Gateway,1200,Cash Withdrawal
TXN00473,UTR945900157647,2024-11-04,20:55:56,EXT113160374,Employer Pvt Ltd - Salary A/c,HDFC Bank,90413217740,Pappu Solanki,Kotak Mahindra Bank,35000,NEFT
TXN00012,UTR719669394462,2024-11-05,14:26:07,EXT113160374,Employer Pvt Ltd - Salary A/c,HDFC Bank,32412415786,Rakesh Kumar,SBI,60000,NEFT
TXN01240,UTR141510762255,2024-11-05,18:16:09,64162634588,Rajesh Sinha,SBI,55933722348,Vikas Tomar,ICICI Bank,2500,RTGS
TXN00076,UTR452564631303,2024-11-06,12:17:21,18633362450,Ajay Yadav,HDFC Bank,68815550998,Poonam Chawla,Punjab National Bank,1200,RTGS
TXN00203,UTR756333624303,2024-11-06,12:37:24,65580053757,Kavita Devi,Bank of Baroda,82760561101,Guddi Bai,SBI,4000,Cash Withdrawal
TXN00265,UTR552906128651,2024-11-07,07:56:17,EXT113160374,Employer Pvt Ltd - Salary A/c,HDFC Bank,64733283579,Nikhil Sharma,Punjab National Bank,35000,NEFT
TXN00645,UTR926195482884,2024-11-07,15:30:17,69705333835,Priya Singh,SBI,52365451928,Farhana Begum,Kotak Mahindra Bank,7500,Cash Withdrawal
TXN00020,UTR545182546368,2024-11-07,17:59:11,32412415786,Rakesh Kumar,SBI,EXT082072761,Merchant/UPI Handle - Utility Payment,Payment Gateway,4000,UPI
TXN00853,UTR197815098828,2024-11-07,18:32:08,94695183670,Vivek Malhotra,Axis Bank,EXT082072761,Merchant/UPI Handle - Utility Payment,Payment Gateway,1200,NEFT
TXN01281,UTR974568040124,2024-11-07,19:16:55,52365451928,Farhana Begum,Kotak Mahindra Bank,05606834229,Lakhan Singh Bhatti,SBI,1200,UPI
TXN00133,UTR800250213530,2024-11-07,19:22:54,42679916140,Imran Sheikh,HDFC Bank,EXT082072761,Merchant/UPI Handle - Utility Payment,Payment Gateway,4000,UPI
TXN00999,UTR646430578482,2024-11-07,21:34:00,64281559570,Rohan Kapoor,HDFC Bank,EXT082072761,Merchant/UPI Handle - Utility Payment,Payment Gateway,500,RTGS
TXN00847,UTR785951987950,2024-11-07,22:09:34,EXT113160374,Employer Pvt Ltd - Salary A/c,HDFC Bank,94695183670,Vivek Malhotra,Axis Bank,35000,NEFT
TXN00774,UTR937311976705,2024-11-08,07:45:22,44760461844,Farhan Ahmed,Punjab National Bank,EXT082072761,Merchant/UPI Handle - Utility Payment,Payment Gateway,4000,IMPS
TXN01410,UTR501288786655,2024-11-08,08:26:43,32437664397,Manoj Tiwari,Kotak Mahindra Bank,EXT082072761,Merchant/UPI Handle - Utility Payment,Payment Gateway,500,IMPS
TXN00716,UTR941152394168,2024-11-08,15:19:18,41992454521,Anita Rani,Axis Bank,41492355953,Arjun Mehta,ICICI Bank,1200,UPI
TXN01139,UTR915310476942,2024-11-08,17:28:41,71327117523,Ishita Bose,SBI,EXT082072761,Merchant/UPI Handle - Utility Payment,Payment Gateway,1200,Cash Withdrawal
TXN00855,UTR314124925335,2024-11-09,07:38:36,EXT113160374,Employer Pvt Ltd - Salary A/c,HDFC Bank,94695183670,Vivek Malhotra,Axis Bank,60000,NEFT
TXN00614,UTR239569048341,2024-11-09,13:30:32,68826141830,Suresh Kumar Jain,Axis Bank,EXT082072761,Merchant/UPI Handle - Utility Payment,Payment Gateway,2500,Cash Withdrawal
TXN01070,UTR570474759409,2024-11-09,13:50:05,99323421683,Tanvi Joshi,HDFC Bank,EXT082072761,Merchant/UPI Handle - Utility Payment,Payment Gateway,500,RTGS
TXN00849,UTR599063431262,2024-11-09,14:08:42,94695183670,Vivek Malhotra,Axis Bank,32412415786,Rakesh Kumar,SBI,2500,NEFT
TXN00089,UTR718397855671,2024-11-09,20:40:27,55933722348,Vikas Tomar,ICICI Bank,18056893044,Ramesh Chandra Pandey,Punjab National Bank,4000,NEFT
TXN00091,UTR338188592283,2024-11-10,13:17:22,55933722348,Vikas Tomar,ICICI Bank,80450816830,Chhotu Ansari,SBI,4000,NEFT
TXN01221,UTR411775382742,2024-11-11,06:26:45,65117077513,Abid Khan,Kotak Mahindra Bank,38708135078,Irfan Ali,Axis Bank,1200,RTGS
TXN01484,UTR552856907863,2024-11-11,06:39:30,08198427361,Amit Verma,SBI,64733283579,Nikhil Sharma,Punjab National Bank,26155,IMPS
TXN00907,UTR839000532856,2024-11-11,07:50:32,43588299843,Kavya Reddy,HDFC Bank,EXT082072761,Merchant/UPI Handle - Utility Payment,Payment Gateway,500,NEFT
TXN00350,UTR440574492162,2024-11-11,14:12:34,80450816830,Chhotu Ansari,SBI,64162634588,Rajesh Sinha,SBI,7500,Cash Withdrawal
TXN01483,UTR541001211370,2024-11-11,14:50:15,49471531912,Mahesh Chand Gupta,ICICI Bank,08198427361,Amit Verma,SBI,32000,UPI
TXN01455,UTR659334966991,2024-11-11,18:49:51,43686792403,Salman Qureshi,SBI,65580053757,Kavita Devi,Bank of Baroda,40000,Cash Deposit
TXN01457,UTR802440448472,2024-11-12,13:58:51,65580053757,Kavita Devi,Bank of Baroda,09094330418,Karan Malhotra,HDFC Bank,16458,UPI
TXN01412,UTR304895160275,2024-11-12,16:28:50,32437664397,Manoj Tiwari,Kotak Mahindra Bank,EXT082072761,Merchant/UPI Handle - Utility Payment,Payment Gateway,500,Cash Withdrawal
TXN00526,UTR286281571327,2024-11-12,17:49:27,44396022575,Chandu Meena,Axis Bank,EXT082072761,Merchant/UPI Handle - Utility Payment,Payment Gateway,4000,Cash Deposit
TXN01333,UTR599417442975,2024-11-13,08:59:15,76092570588,Deepak Yadav,SBI,EXT082072761,Merchant/UPI Handle - Utility Payment,Payment Gateway,1200,Cash Withdrawal
TXN00568,UTR860883998902,2024-11-13,10:27:17,24798510995,Rustam Ali,Bank of Baroda,35059071685,Sunita Rawat,HDFC Bank,500,IMPS
TXN01456,UTR422044188342,2024-11-13,19:24:10,65580053757,Kavita Devi,Bank of Baroda,68815550998,Poonam Chawla,Punjab National Bank,12367,UPI
TXN00465,UTR328478238408,2024-11-13,19:52:17,90413217740,Pappu Solanki,Kotak Mahindra Bank,EXT082072761,Merchant/UPI Handle - Utility Payment,Payment Gateway,4000,Cash Withdrawal
TXN00023,UTR310610384901,2024-11-13,21:42:43,EXT113160374,Employer Pvt Ltd - Salary A/c,HDFC Bank,68040380973,Sunil Malik,ICICI Bank,22000,NEFT
TXN00959,UTR474800977727,2024-11-13,23:40:25,41492355953,Arjun Mehta,ICICI Bank,44396022575,Chandu Meena,Axis Bank,500,IMPS
TXN00680,UTR389991677989,2024-11-13,23:50:19,18056893044,Ramesh Chandra Pandey,Punjab National Bank,EXT082072761,Merchant/UPI Handle - Utility Payment,Payment Gateway,500,Cash Deposit
TXN01458,UTR814807783619,2024-11-15,12:15:03,65580053757,Kavita Devi,Bank of Baroda,23680352646,Simran Kaur,Kotak Mahindra Bank,11175,UPI
TXN01001,UTR587121643783,2024-11-15,15:05:28,EXT113160374,Employer Pvt Ltd - Salary A/c,HDFC Bank,64281559570,Rohan Kapoor,HDFC Bank,22000,NEFT
TXN01342,UTR688023240531,2024-11-15,16:56:12,EXT113160374,Employer Pvt Ltd - Salary A/c,HDFC Bank,35059071685,Sunita Rawat,HDFC Bank,18000,NEFT
TXN01056,UTR836646923511,2024-11-15,18:54:25,86831863542,Neha Agarwal,Axis Bank,EXT082072761,Merchant/UPI Handle - Utility Payment,Payment Gateway,4000,UPI
TXN00745,UTR518978385706,2024-11-16,21:38:50,78264257436,Naveen Kumar Sharma,SBI,08198427361,Amit Verma,SBI,2500,IMPS
TXN01397,UTR282644228841,2024-11-17,07:35:30,68815550998,Poonam Chawla,Punjab National Bank,82760561101,Guddi Bai,SBI,7500,UPI
TXN00324,UTR709676798794,2024-11-17,17:15:42,38037979360,Rohit Bansal,ICICI Bank,71327117523,Ishita Bose,SBI,7500,Cash Withdrawal
TXN01220,UTR608079055172,2024-11-17,18:32:21,65117077513,Abid Khan,Kotak Mahindra Bank,94695183670,Vivek Malhotra,Axis Bank,500,Cash Withdrawal
TXN00075,UTR431566984192,2024-11-17,19:44:30,EXT113160374,Employer Pvt Ltd - Salary A/c,HDFC Bank,18633362450,Ajay Yadav,HDFC Bank,22000,NEFT
TXN00511,UTR212708838512,2024-11-17,20:34:05,EXT113160374,Employer Pvt Ltd - Salary A/c,HDFC Bank,82760561101,Guddi Bai,SBI,22000,NEFT
TXN00753,UTR336989364103,2024-11-18,06:44:38,78264257436,Naveen Kumar Sharma,SBI,EXT082072761,Merchant/UPI Handle - Utility Payment,Payment Gateway,7500,IMPS
TXN00796,UTR806079858084,2024-11-18,20:32:26,35244533458,Sanjay Bhardwaj,Punjab National Bank,EXT082072761,Merchant/UPI Handle - Utility Payment,Payment Gateway,4000,IMPS
TXN00038,UTR628105415698,2024-11-18,22:45:03,68040380973,Sunil Malik,ICICI Bank,EXT082072761,Merchant/UPI Handle - Utility Payment,Payment Gateway,2500,UPI
TXN00408,UTR690766123022,2024-11-19,13:21:33,05606834229,Lakhan Singh Bhatti,SBI,EXT082072761,Merchant/UPI Handle - Utility Payment,Payment Gateway,7500,UPI
TXN00400,UTR185257320612,2024-11-20,06:23:39,05606834229,Lakhan Singh Bhatti,SBI,EXT082072761,Merchant/UPI Handle - Utility Payment,Payment Gateway,1200,Cash Deposit
TXN00314,UTR919352966100,2024-11-20,10:09:38,38037979360,Rohit Bansal,ICICI Bank,EXT082072761,Merchant/UPI Handle - Utility Payment,Payment Gateway,7500,IMPS
TXN01480,UTR296230458066,2024-11-20,11:28:01,08198427361,Amit Verma,SBI,64733283579,Nikhil Sharma,Punjab National Bank,12520,IMPS
TXN01479,UTR415143812301,2024-11-20,18:32:39,18056893044,Ramesh Chandra Pandey,Punjab National Bank,08198427361,Amit Verma,SBI,15000,UPI
TXN01027,UTR342512807080,2024-11-21,06:13:15,64281559570,Rohan Kapoor,HDFC Bank,EXT082072761,Merchant/UPI Handle - Utility Payment,Payment Gateway,4000,Cash Withdrawal
TXN01132,UTR635062100528,2024-11-21,18:57:34,71327117523,Ishita Bose,SBI,93902439957,Aditya Rathore,Axis Bank,4000,RTGS
TXN00387,UTR389842942113,2024-11-21,21:30:54,EXT113160374,Employer Pvt Ltd - Salary A/c,HDFC Bank,05606834229,Lakhan Singh Bhatti,SBI,35000,NEFT
TXN00423,UTR377304288399,2024-11-22,07:21:31,88481678051,Munna Tyagi,Punjab National Bank,EXT082072761,Merchant/UPI Handle - Utility Payment,Payment Gateway,4000,RTGS
TXN01318,UTR991505387816,2024-11-22,16:47:26,76092570588,Deepak Yadav,SBI,35244533458,Sanjay Bhardwaj,Punjab National Bank,500,RTGS
TXN01363,UTR852644919943,2024-11-22,21:54:55,38708135078,Irfan Ali,Axis Bank,41492355953,Arjun Mehta,ICICI Bank,7500,NEFT
TXN00909,UTR819306931543,2024-11-22,23:06:04,43588299843,Kavya Reddy,HDFC Bank,EXT082072761,Merchant/UPI Handle - Utility Payment,Payment Gateway,4000,RTGS
TXN01348,UTR204894148211,2024-11-22,23:08:00,35059071685,Sunita Rawat,HDFC Bank,68040380973,Sunil Malik,ICICI Bank,1200,RTGS
TXN00896,UTR328007851791,2024-11-23,07:32:40,79909315319,Pranay Dutta Roy,Axis Bank,68040380973,Sunil Malik,ICICI Bank,2500,RTGS
TXN01032,UTR113720595328,2024-11-23,08:00:21,64281559570,Rohan Kapoor,HDFC Bank,EXT082072761,Merchant/UPI Handle - Utility Payment,Payment Gateway,1200,NEFT
TXN01325,UTR151179777248,2024-11-23,09:26:48,76092570588,Deepak Yadav,SBI,24798510995,Rustam Ali,Bank of Baroda,2500,RTGS
TXN01327,UTR991855085769,2024-11-23,15:41:02,76092570588,Deepak Yadav,SBI,49471531912,Mahesh Chand Gupta,ICICI Bank,4000,Cash Withdrawal
TXN00474,UTR722707907641,2024-11-23,22:29:00,90413217740,Pappu Solanki,Kotak Mahindra Bank,64162634588,Rajesh Sinha,SBI,500,Cash Deposit
TXN00997,UTR367127434755,2024-11-24,09:14:52,64281559570,Rohan Kapoor,HDFC Bank,EXT082072761,Merchant/UPI Handle - Utility Payment,Payment Gateway,4000,UPI
TXN00238,UTR496248139802,2024-11-24,17:47:50,64733283579,Nikhil Sharma,Punjab National Bank,EXT082072761,Merchant/UPI Handle - Utility Payment,Payment Gateway,2500,Cash Deposit
TXN01381,UTR463977042085,2024-11-25,06:39:49,68815550998,Poonam Chawla,Punjab National Bank,EXT082072761,Merchant/UPI Handle - Utility Payment,Payment Gateway,4000,Cash Deposit
TXN00145,UTR670163515143,2024-11-25,11:29:36,EXT113160374,Employer Pvt Ltd - Salary A/c,HDFC Bank,54219677717,Deepak Chaudhary,ICICI Bank,22000,NEFT
TXN00793,UTR805092639235,2024-11-25,13:08:23,35244533458,Sanjay Bhardwaj,Punjab National Bank,EXT082072761,Merchant/UPI Handle - Utility Payment,Payment Gateway,500,RTGS
TXN00098,UTR932807404124,2024-11-25,14:49:38,55933722348,Vikas Tomar,ICICI Bank,EXT082072761,Merchant/UPI Handle - Utility Payment,Payment Gateway,500,UPI
TXN01176,UTR180220613593,2024-11-25,22:10:28,EXT113160374,Employer Pvt Ltd - Salary A/c,HDFC Bank,75073462726,Meera Nair,ICICI Bank,45000,NEFT
TXN00064,UTR162625600115,2024-11-26,10:52:03,EXT113160374,Employer Pvt Ltd - Salary A/c,HDFC Bank,18633362450,Ajay Yadav,HDFC Bank,22000,NEFT
TXN01107,UTR886123783639,2024-11-27,17:38:26,93902439957,Aditya Rathore,Axis Bank,EXT082072761,Merchant/UPI Handle - Utility Payment,Payment Gateway,2500,Cash Withdrawal
TXN00409,UTR498755304958,2024-11-27,20:08:49,05606834229,Lakhan Singh Bhatti,SBI,71327117523,Ishita Bose,SBI,2500,Cash Withdrawal
TXN00068,UTR574779851350,2024-11-27,20:18:27,EXT113160374,Employer Pvt Ltd - Salary A/c,HDFC Bank,18633362450,Ajay Yadav,HDFC Bank,45000,NEFT
TXN00413,UTR953514131380,2024-11-27,20:34:42,EXT113160374,Employer Pvt Ltd - Salary A/c,HDFC Bank,05606834229,Lakhan Singh Bhatti,SBI,35000,NEFT
TXN00357,UTR941685184759,2024-11-28,17:47:16,80450816830,Chhotu Ansari,SBI,64733283579,Nikhil Sharma,Punjab National Bank,2500,NEFT
TXN00227,UTR976555293141,2024-11-30,07:29:36,65580053757,Kavita Devi,Bank of Baroda,EXT082072761,Merchant/UPI Handle - Utility Payment,Payment Gateway,4000,NEFT
TXN00942,UTR385733074744,2024-11-30,11:47:58,EXT113160374,Employer Pvt Ltd - Salary A/c,HDFC Bank,41492355953,Arjun Mehta,ICICI Bank,22000,NEFT
TXN00134,UTR143631886369,2024-11-30,17:48:46,EXT113160374,Employer Pvt Ltd - Salary A/c,HDFC Bank,54219677717,Deepak Chaudhary,ICICI Bank,35000,NEFT
TXN00878,UTR663926646430,2024-11-30,18:50:56,79909315319,Pranay Dutta Roy,Axis Bank,35244533458,Sanjay Bhardwaj,Punjab National Bank,1200,NEFT
TXN01355,UTR380929043273,2024-12-01,07:58:31,35059071685,Sunita Rawat,HDFC Bank,EXT082072761,Merchant/UPI Handle - Utility Payment,Payment Gateway,500,RTGS
TXN00750,UTR493493833881,2024-12-01,08:14:34,EXT113160374,Employer Pvt Ltd - Salary A/c,HDFC Bank,78264257436,Naveen Kumar Sharma,SBI,22000,NEFT
TXN01329,UTR109621307598,2024-12-02,10:06:43,EXT113160374,Employer Pvt Ltd - Salary A/c,HDFC Bank,76092570588,Deepak Yadav,SBI,60000,NEFT
TXN00677,UTR902100363546,2024-12-02,16:04:50,18056893044,Ramesh Chandra Pandey,Punjab National Bank,EXT082072761,Merchant/UPI Handle - Utility Payment,Payment Gateway,1200,RTGS
TXN01145,UTR667360276517,2024-12-02,19:08:39,09094330418,Karan Malhotra,HDFC Bank,EXT082072761,Merchant/UPI Handle - Utility Payment,Payment Gateway,7500,Cash Withdrawal
TXN00148,UTR618277671382,2024-12-02,19:22:00,54219677717,Deepak Chaudhary,ICICI Bank,94695183670,Vivek Malhotra,Axis Bank,7500,NEFT
TXN01384,UTR527394752014,2024-12-02,20:14:10,68815550998,Poonam Chawla,Punjab National Bank,EXT082072761,Merchant/UPI Handle - Utility Payment,Payment Gateway,500,IMPS
TXN00966,UTR653517353668,2024-12-02,23:23:48,EXT113160374,Employer Pvt Ltd - Salary A/c,HDFC Bank,23680352646,Simran Kaur,Kotak Mahindra Bank,35000,NEFT
TXN01184,UTR302266438179,2024-12-02,23:44:32,EXT113160374,Employer Pvt Ltd - Salary A/c,HDFC Bank,10884387334,Yash Chopra,Bank of Baroda,45000,NEFT
TXN00339,UTR754065811652,2024-12-03,09:13:10,16568651026,Bhola Prasad,ICICI Bank,65580053757,Kavita Devi,Bank of Baroda,2500,RTGS
TXN01188,UTR742490975374,2024-12-03,10:41:23,EXT113160374,Employer Pvt Ltd - Salary A/c,HDFC Bank,10884387334,Yash Chopra,Bank of Baroda,45000,NEFT
TXN00172,UTR192243372763,2024-12-03,17:40:45,EXT113160374,Employer Pvt Ltd - Salary A/c,HDFC Bank,43686792403,Salman Qureshi,SBI,60000,NEFT
TXN00539,UTR582161263087,2024-12-03,20:07:34,44396022575,Chandu Meena,Axis Bank,75073462726,Meera Nair,ICICI Bank,2500,NEFT
TXN00876,UTR622256711668,2024-12-03,20:26:27,79909315319,Pranay Dutta Roy,Axis Bank,EXT082072761,Merchant/UPI Handle - Utility Payment,Payment Gateway,2500,RTGS
TXN00852,UTR693572379346,2024-12-04,13:28:06,EXT113160374,Employer Pvt Ltd - Salary A/c,HDFC Bank,94695183670,Vivek Malhotra,Axis Bank,60000,NEFT
TXN00696,UTR565633990656,2024-12-04,15:31:44,41992454521,Anita Rani,Axis Bank,EXT082072761,Merchant/UPI Handle - Utility Payment,Payment Gateway,1200,Cash Withdrawal
TXN00114,UTR681264879927,2024-12-05,06:35:53,42679916140,Imran Sheikh,HDFC Bank,68040380973,Sunil Malik,ICICI Bank,2500,IMPS
TXN01349,UTR649184885053,2024-12-05,09:49:25,EXT113160374,Employer Pvt Ltd - Salary A/c,HDFC Bank,35059071685,Sunita Rawat,HDFC Bank,35000,NEFT
TXN00004,UTR176007716468,2024-12-05,14:50:28,32412415786,Rakesh Kumar,SBI,42679916140,Imran Sheikh,HDFC Bank,500,Cash Deposit
TXN00104,UTR854987359138,2024-12-05,15:05:29,55933722348,Vikas Tomar,ICICI Bank,EXT082072761,Merchant/UPI Handle - Utility Payment,Payment Gateway,2500,Cash Deposit
TXN00372,UTR367219702266,2024-12-05,21:35:32,80450816830,Chhotu Ansari,SBI,EXT082072761,Merchant/UPI Handle - Utility Payment,Payment Gateway,500,Cash Deposit
TXN00101,UTR296765210922,2024-12-05,21:50:44,EXT113160374,Employer Pvt Ltd - Salary A/c,HDFC Bank,55933722348,Vikas Tomar,ICICI Bank,60000,NEFT
TXN00914,UTR697311034370,2024-12-05,23:38:34,EXT113160374,Employer Pvt Ltd - Salary A/c,HDFC Bank,43588299843,Kavya Reddy,HDFC Bank,35000,NEFT
TXN01047,UTR248842842241,2024-12-06,13:53:14,86831863542,Neha Agarwal,Axis Bank,65117077513,Abid Khan,Kotak Mahindra Bank,4000,Cash Deposit
TXN01088,UTR767772846919,2024-12-06,19:21:10,EXT113160374,Employer Pvt Ltd - Salary A/c,HDFC Bank,93902439957,Aditya Rathore,Axis Bank,18000,NEFT
TXN00903,UTR963846999246,2024-12-06,19:57:03,79909315319,Pranay Dutta Roy,Axis Bank,93902439957,Aditya Rathore,Axis Bank,7500,Cash Withdrawal
TXN00649,UTR240297093614,2024-12-06,20:43:40,69705333835,Priya Singh,SBI,EXT082072761,Merchant/UPI Handle - Utility Payment,Payment Gateway,500,NEFT
TXN00692,UTR111546765155,2024-12-07,12:55:15,41992454521,Anita Rani,Axis Bank,32412415786,Rakesh Kumar,SBI,4000,Cash Withdrawal
TXN00189,UTR737350969555,2024-12-07,18:38:28,43686792403,Salman Qureshi,SBI,EXT082072761,Merchant/UPI Handle - Utility Payment,Payment Gateway,1200,RTGS
TXN00736,UTR719526984561,2024-12-07,18:51:52,EXT113160374,Employer Pvt Ltd - Salary A/c,HDFC Bank,78264257436,Naveen Kumar Sharma,SBI,35000,NEFT
TXN00861,UTR607065458002,2024-12-07,23:15:54,94695183670,Vivek Malhotra,Axis Bank,EXT082072761,Merchant/UPI Handle - Utility Payment,Payment Gateway,500,IMPS
TXN00355,UTR135516176085,2024-12-08,10:35:35,80450816830,Chhotu Ansari,SBI,78264257436,Naveen Kumar Sharma,SBI,2500,Cash Deposit
TXN00264,UTR363442481573,2024-12-08,12:29:15,EXT113160374,Employer Pvt Ltd - Salary A/c,HDFC Bank,64733283579,Nikhil Sharma,Punjab National Bank,18000,NEFT
TXN00938,UTR944953047046,2024-12-08,15:10:50,EXT113160374,Employer Pvt Ltd - Salary A/c,HDFC Bank,41492355953,Arjun Mehta,ICICI Bank,35000,NEFT
TXN00626,UTR232376419268,2024-12-09,07:09:25,68826141830,Suresh Kumar Jain,Axis Bank,EXT082072761,Merchant/UPI Handle - Utility Payment,Payment Gateway,500,NEFT
TXN00341,UTR923007243957,2024-12-09,09:05:09,16568651026,Bhola Prasad,ICICI Bank,64162634588,Rajesh Sinha,SBI,1200,NEFT
TXN00244,UTR342360766567,2024-12-09,14:32:55,64733283579,Nikhil Sharma,Punjab National Bank,EXT082072761,Merchant/UPI Handle - Utility Payment,Payment Gateway,1200,Cash Withdrawal
TXN00256,UTR205192246468,2024-12-09,15:13:16,64733283579,Nikhil Sharma,Punjab National Bank,55933722348,Vikas Tomar,ICICI Bank,4000,IMPS
TXN00757,UTR192586052575,2024-12-09,16:48:12,44760461844,Farhan Ahmed,Punjab National Bank,EXT082072761,Merchant/UPI Handle - Utility Payment,Payment Gateway,7500,IMPS
TXN00352,UTR922290768585,2024-12-11,09:04:50,80450816830,Chhotu Ansari,SBI,EXT082072761,Merchant/UPI Handle - Utility Payment,Payment Gateway,500,UPI
TXN01312,UTR179831540903,2024-12-11,09:22:36,76092570588,Deepak Yadav,SBI,EXT082072761,Merchant/UPI Handle - Utility Payment,Payment Gateway,4000,Cash Withdrawal
TXN00107,UTR560511755664,2024-12-11,11:24:53,55933722348,Vikas Tomar,ICICI Bank,EXT082072761,Merchant/UPI Handle - Utility Payment,Payment Gateway,7500,Cash Withdrawal
TXN00981,UTR866554323061,2024-12-11,13:48:05,23680352646,Simran Kaur,Kotak Mahindra Bank,EXT082072761,Merchant/UPI Handle - Utility Payment,Payment Gateway,4000,Cash Deposit
TXN00776,UTR921397893530,2024-12-11,15:27:19,44760461844,Farhan Ahmed,Punjab National Bank,EXT082072761,Merchant/UPI Handle - Utility Payment,Payment Gateway,500,Cash Deposit
TXN00667,UTR423684445867,2024-12-12,15:45:38,18056893044,Ramesh Chandra Pandey,Punjab National Bank,EXT082072761,Merchant/UPI Handle - Utility Payment,Payment Gateway,4000,IMPS
TXN00093,UTR159755446019,2024-12-12,18:06:21,55933722348,Vikas Tomar,ICICI Bank,EXT082072761,Merchant/UPI Handle - Utility Payment,Payment Gateway,7500,Cash Deposit
TXN00291,UTR139318702653,2024-12-12,19:40:58,08198427361,Amit Verma,SBI,68040380973,Sunil Malik,ICICI Bank,500,Cash Deposit
TXN00987,UTR452621025849,2024-12-13,07:42:51,23680352646,Simran Kaur,Kotak Mahindra Bank,EXT082072761,Merchant/UPI Handle - Utility Payment,Payment Gateway,2500,RTGS
TXN00647,UTR334627310771,2024-12-13,16:29:46,69705333835,Priya Singh,SBI,35244533458,Sanjay Bhardwaj,Punjab National Bank,4000,IMPS
TXN00714,UTR295312660417,2024-12-14,08:36:31,41992454521,Anita Rani,Axis Bank,EXT082072761,Merchant/UPI Handle - Utility Payment,Payment Gateway,2500,NEFT
TXN00136,UTR323251749867,2024-12-14,11:34:56,54219677717,Deepak Chaudhary,ICICI Bank,EXT082072761,Merchant/UPI Handle - Utility Payment,Payment Gateway,500,NEFT
TXN01308,UTR890843599837,2024-12-14,14:56:53,76092570588,Deepak Yadav,SBI,EXT082072761,Merchant/UPI Handle - Utility Payment,Payment Gateway,7500,Cash Deposit
TXN00071,UTR772707757863,2024-12-14,17:01:44,EXT113160374,Employer Pvt Ltd - Salary A/c,HDFC Bank,18633362450,Ajay Yadav,HDFC Bank,35000,NEFT
TXN01230,UTR266063712615,2024-12-14,17:26:54,65117077513,Abid Khan,Kotak Mahindra Bank,EXT082072761,Merchant/UPI Handle - Utility Payment,Payment Gateway,4000,Cash Withdrawal
TXN00512,UTR754325144267,2024-12-15,06:24:40,82760561101,Guddi Bai,SBI,EXT082072761,Merchant/UPI Handle - Utility Payment,Payment Gateway,500,Cash Deposit
TXN01446,UTR584697048315,2024-12-15,18:05:24,54219677717,Deepak Chaudhary,ICICI Bank,65580053757,Kavita Devi,Bank of Baroda,40000,Cash Deposit
TXN00290,UTR503053580405,2024-12-15,18:07:02,08198427361,Amit Verma,SBI,32412415786,Rakesh Kumar,SBI,2500,RTGS
TXN00501,UTR823001425737,2024-12-15,20:59:44,82760561101,Guddi Bai,SBI,EXT082072761,Merchant/UPI Handle - Utility Payment,Payment Gateway,500,UPI
TXN01099,UTR385612341691,2024-12-15,23:43:53,93902439957,Aditya Rathore,Axis Bank,EXT082072761,Merchant/UPI Handle - Utility Payment,Payment Gateway,1200,Cash Withdrawal
TXN00777,UTR307751270792,2024-12-16,09:37:19,44760461844,Farhan Ahmed,Punjab National Bank,68040380973,Sunil Malik,ICICI Bank,4000,IMPS
TXN00681,UTR219271488391,2024-12-16,10:12:44,EXT113160374,Employer Pvt Ltd - Salary A/c,HDFC Bank,18056893044,Ramesh Chandra Pandey,Punjab National Bank,60000,NEFT
TXN00435,UTR568684802871,2024-12-16,15:44:25,EXT113160374,Employer Pvt Ltd - Salary A/c,HDFC Bank,88481678051,Munna Tyagi,Punjab National Bank,45000,NEFT
TXN01449,UTR619822064224,2024-12-16,16:41:15,65580053757,Kavita Devi,Bank of Baroda,35059071685,Sunita Rawat,HDFC Bank,14561,UPI
TXN01315,UTR577546453841,2024-12-17,09:43:46,76092570588,Deepak Yadav,SBI,EXT082072761,Merchant/UPI Handle - Utility Payment,Payment Gateway,1200,IMPS
TXN00922,UTR625917140533,2024-12-17,10:26:03,43588299843,Kavya Reddy,HDFC Bank,43686792403,Salman Qureshi,SBI,7500,Cash Deposit
TXN00226,UTR704781614047,2024-12-17,15:14:15,65580053757,Kavita Devi,Bank of Baroda,36247945967,Rekha Devi,Bank of Baroda,4000,NEFT
TXN01096,UTR826265602249,2024-12-17,22:06:13,93902439957,Aditya Rathore,Axis Bank,EXT082072761,Merchant/UPI Handle - Utility Payment,Payment Gateway,2500,RTGS
TXN00642,UTR345516659265,2024-12-18,13:41:45,EXT113160374,Employer Pvt Ltd - Salary A/c,HDFC Bank,69705333835,Priya Singh,SBI,22000,NEFT
TXN01031,UTR187312332815,2024-12-18,15:56:14,EXT113160374,Employer Pvt Ltd - Salary A/c,HDFC Bank,64281559570,Rohan Kapoor,HDFC Bank,18000,NEFT
TXN00135,UTR870098347305,2024-12-18,20:07:40,54219677717,Deepak Chaudhary,ICICI Bank,EXT082072761,Merchant/UPI Handle - Utility Payment,Payment Gateway,4000,UPI
TXN00384,UTR898595301461,2024-12-19,06:48:14,05606834229,Lakhan Singh Bhatti,SBI,EXT082072761,Merchant/UPI Handle - Utility Payment,Payment Gateway,4000,NEFT
TXN00609,UTR103332490578,2024-12-19,12:23:18,49471531912,Mahesh Chand Gupta,ICICI Bank,EXT082072761,Merchant/UPI Handle - Utility Payment,Payment Gateway,500,UPI
TXN01365,UTR790023293439,2024-12-19,14:34:36,38708135078,Irfan Ali,Axis Bank,32412415786,Rakesh Kumar,SBI,500,NEFT
TXN00487,UTR810097428488,2024-12-19,16:10:29,90413217740,Pappu Solanki,Kotak Mahindra Bank,EXT082072761,Merchant/UPI Handle - Utility Payment,Payment Gateway,500,IMPS
TXN00112,UTR870533341008,2024-12-19,22:53:25,EXT113160374,Employer Pvt Ltd - Salary A/c,HDFC Bank,55933722348,Vikas Tomar,ICICI Bank,45000,NEFT
TXN00923,UTR729474334505,2024-12-19,23:22:11,43588299843,Kavya Reddy,HDFC Bank,EXT082072761,Merchant/UPI Handle - Utility Payment,Payment Gateway,1200,Cash Deposit
TXN01447,UTR715345379899,2024-12-20,12:01:00,65580053757,Kavita Devi,Bank of Baroda,76092570588,Deepak Yadav,SBI,15197,UPI
TXN00910,UTR670171876341,2024-12-20,15:27:05,43588299843,Kavya Reddy,HDFC Bank,38708135078,Irfan Ali,Axis Bank,2500,UPI
TXN01195,UTR201049502242,2024-12-20,15:54:00,10884387334,Yash Chopra,Bank of Baroda,EXT082072761,Merchant/UPI Handle - Utility Payment,Payment Gateway,500,RTGS
TXN00055,UTR836165853098,2024-12-20,18:21:03,18633362450,Ajay Yadav,HDFC Bank,EXT082072761,Merchant/UPI Handle - Utility Payment,Payment Gateway,500,UPI
TXN01214,UTR125527872071,2024-12-20,19:18:07,65117077513,Abid Khan,Kotak Mahindra Bank,41992454521,Anita Rani,Axis Bank,4000,NEFT
TXN01448,UTR451082075811,2024-12-21,06:02:55,65580053757,Kavita Devi,Bank of Baroda,64281559570,Rohan Kapoor,HDFC Bank,10242,UPI
TXN00880,UTR276751632384,2024-12-21,11:26:32,79909315319,Pranay Dutta Roy,Axis Bank,EXT082072761,Merchant/UPI Handle - Utility Payment,Payment Gateway,4000,RTGS
TXN01097,UTR582052962837,2024-12-21,19:15:34,93902439957,Aditya Rathore,Axis Bank,EXT082072761,Merchant/UPI Handle - Utility Payment,Payment Gateway,1200,UPI
TXN01164,UTR820062676563,2024-12-22,16:59:41,75073462726,Meera Nair,ICICI Bank,65117077513,Abid Khan,Kotak Mahindra Bank,1200,Cash Withdrawal
TXN00415,UTR568066921369,2024-12-22,21:32:11,EXT113160374,Employer Pvt Ltd - Salary A/c,HDFC Bank,05606834229,Lakhan Singh Bhatti,SBI,45000,NEFT
TXN00022,UTR502612144402,2024-12-22,23:58:15,68040380973,Sunil Malik,ICICI Bank,32437664397,Manoj Tiwari,Kotak Mahindra Bank,4000,UPI
TXN01241,UTR208103113528,2024-12-23,16:22:38,64162634588,Rajesh Sinha,SBI,36247945967,Rekha Devi,Bank of Baroda,500,IMPS
TXN00875,UTR131001545008,2024-12-23,16:58:58,79909315319,Pranay Dutta Roy,Axis Bank,99323421683,Tanvi Joshi,HDFC Bank,7500,RTGS
TXN00002,UTR396533505738,2024-12-24,10:41:24,32412415786,Rakesh Kumar,SBI,05606834229,Lakhan Singh Bhatti,SBI,500,Cash Withdrawal
TXN00877,UTR511724911685,2024-12-24,14:52:37,EXT113160374,Employer Pvt Ltd - Salary A/c,HDFC Bank,79909315319,Pranay Dutta Roy,Axis Bank,18000,NEFT
TXN00455,UTR756236743793,2024-12-24,17:06:13,EXT113160374,Employer Pvt Ltd - Salary A/c,HDFC Bank,88481678051,Munna Tyagi,Punjab National Bank,45000,NEFT
TXN01152,UTR817697631478,2024-12-24,20:08:27,09094330418,Karan Malhotra,HDFC Bank,EXT082072761,Merchant/UPI Handle - Utility Payment,Payment Gateway,2500,RTGS
TXN00472,UTR516549696982,2024-12-25,07:37:23,90413217740,Pappu Solanki,Kotak Mahindra Bank,16568651026,Bhola Prasad,ICICI Bank,1200,UPI
TXN00156,UTR508338330069,2024-12-25,19:00:39,54219677717,Deepak Chaudhary,ICICI Bank,38037979360,Rohit Bansal,ICICI Bank,7500,UPI
TXN00693,UTR578396982647,2024-12-25,23:51:00,EXT113160374,Employer Pvt Ltd - Salary A/c,HDFC Bank,41992454521,Anita Rani,Axis Bank,45000,NEFT
TXN00528,UTR538353477504,2024-12-26,06:50:07,EXT113160374,Employer Pvt Ltd - Salary A/c,HDFC Bank,44396022575,Chandu Meena,Axis Bank,18000,NEFT
TXN01303,UTR169369450028,2024-12-26,10:37:22,76092570588,Deepak Yadav,SBI,EXT082072761,Merchant/UPI Handle - Utility Payment,Payment Gateway,2500,Cash Deposit
TXN01234,UTR808924198297,2024-12-26,20:36:45,65117077513,Abid Khan,Kotak Mahindra Bank,EXT082072761,Merchant/UPI Handle - Utility Payment,Payment Gateway,2500,Cash Withdrawal
TXN00425,UTR357841090078,2024-12-26,20:56:41,88481678051,Munna Tyagi,Punjab National Bank,43588299843,Kavya Reddy,HDFC Bank,500,IMPS
TXN00386,UTR640848588213,2024-12-26,21:18:23,05606834229,Lakhan Singh Bhatti,SBI,EXT082072761,Merchant/UPI Handle - Utility Payment,Payment Gateway,1200,IMPS
TXN01082,UTR607356648042,2024-12-26,23:00:11,99323421683,Tanvi Joshi,HDFC Bank,41992454521,Anita Rani,Axis Bank,2500,Cash Withdrawal
TXN01178,UTR818195200383,2024-12-27,06:01:18,75073462726,Meera Nair,ICICI Bank,EXT082072761,Merchant/UPI Handle - Utility Payment,Payment Gateway,7500,UPI
TXN01054,UTR179313860183,2024-12-27,08:19:32,EXT113160374,Employer Pvt Ltd - Salary A/c,HDFC Bank,86831863542,Neha Agarwal,Axis Bank,35000,NEFT
TXN00391,UTR811986126724,2024-12-27,08:39:43,05606834229,Lakhan Singh Bhatti,SBI,EXT082072761,Merchant/UPI Handle - Utility Payment,Payment Gateway,2500,RTGS
TXN00215,UTR950412225487,2024-12-27,09:13:20,65580053757,Kavita Devi,Bank of Baroda,EXT082072761,Merchant/UPI Handle - Utility Payment,Payment Gateway,1200,Cash Deposit
TXN00111,UTR930614932830,2024-12-27,11:40:07,EXT113160374,Employer Pvt Ltd - Salary A/c,HDFC Bank,55933722348,Vikas Tomar,ICICI Bank,35000,NEFT
TXN00333,UTR838454783792,2024-12-28,09:09:35,EXT113160374,Employer Pvt Ltd - Salary A/c,HDFC Bank,16568651026,Bhola Prasad,ICICI Bank,60000,NEFT
TXN01012,UTR595990178671,2024-12-28,09:49:37,64281559570,Rohan Kapoor,HDFC Bank,EXT082072761,Merchant/UPI Handle - Utility Payment,Payment Gateway,1200,Cash Withdrawal
TXN00779,UTR367367154714,2024-12-28,11:30:57,44760461844,Farhan Ahmed,Punjab National Bank,EXT082072761,Merchant/UPI Handle - Utility Payment,Payment Gateway,7500,Cash Deposit
TXN01477,UTR825791267338,2024-12-29,09:59:33,38708135078,Irfan Ali,Axis Bank,08198427361,Amit Verma,SBI,210000,UPI
TXN01408,UTR751752548540,2024-12-29,11:01:13,32437664397,Manoj Tiwari,Kotak Mahindra Bank,EXT082072761,Merchant/UPI Handle - Utility Payment,Payment Gateway,4000,Cash Withdrawal
TXN01478,UTR753450478988,2024-12-29,16:09:20,08198427361,Amit Verma,SBI,64733283579,Nikhil Sharma,Punjab National Bank,161252,IMPS
TXN01146,UTR555982986664,2024-12-30,07:04:20,09094330418,Karan Malhotra,HDFC Bank,76092570588,Deepak Yadav,SBI,500,UPI
TXN00296,UTR228035681151,2024-12-30,15:57:36,08198427361,Amit Verma,SBI,64162634588,Rajesh Sinha,SBI,1200,RTGS
TXN00887,UTR641600993651,2024-12-30,21:43:00,79909315319,Pranay Dutta Roy,Axis Bank,EXT082072761,Merchant/UPI Handle - Utility Payment,Payment Gateway,7500,Cash Withdrawal
TXN01359,UTR512051658468,2024-12-31,07:46:15,EXT113160374,Employer Pvt Ltd - Salary A/c,HDFC Bank,38708135078,Irfan Ali,Axis Bank,18000,NEFT
TXN01398,UTR694709688106,2024-12-31,10:19:46,32437664397,Manoj Tiwari,Kotak Mahindra Bank,EXT082072761,Merchant/UPI Handle - Utility Payment,Payment Gateway,500,Cash Deposit
TXN00260,UTR252808762736,2024-12-31,17:03:09,64733283579,Nikhil Sharma,Punjab National Bank,EXT082072761,Merchant/UPI Handle - Utility Payment,Payment Gateway,4000,NEFT
TXN00379,UTR708260763646,2024-12-31,18:17:14,EXT113160374,Employer Pvt Ltd - Salary A/c,HDFC Bank,80450816830,Chhotu Ansari,SBI,22000,NEFT
